+---------------------------------------------------------------------+
|  Log file: pa.characterize.log                                      |
|  Compiler version: 9.8.0                                            |
|  Created on: Thu Sep 19 23:16:41 2024                               |
|  Run ID: 3943d845dd38b6ce                                           |
+---------------------------------------------------------------------+

Program: attention_cal.p4

-----------------------------------------------------------------------------------------------------------------------------------------------------------------------------------------
| Container |  Gress  |                        Name                       | Class |  | P | 0 | 1 | 2 | 3 | 4 | 5 | 6 | 7 | 8 | 9 | 10 | 11 | 12 | 13 | 14 | 15 | 16 | 17 | 18 | 19 | D |
-----------------------------------------------------------------------------------------------------------------------------------------------------------------------------------------
|    phv0   |    -    |                                                   |       |  |   |   |   |   |   |   |   |   |   |   |   |    |    |    |    |    |    |    |    |    |    |   |
|    phv1   |    -    |                                                   |       |  |   |   |   |   |   |   |   |   |   |   |   |    |    |    |    |    |    |    |    |    |    |   |
|    phv2   |    -    |                                                   |       |  |   |   |   |   |   |   |   |   |   |   |   |    |    |    |    |    |    |    |    |    |    |   |
|    phv3   |    -    |                                                   |       |  |   |   |   |   |   |   |   |   |   |   |   |    |    |    |    |    |    |    |    |    |    |   |
|    phv4   |    -    |                                                   |       |  |   |   |   |   |   |   |   |   |   |   |   |    |    |    |    |    |    |    |    |    |    |   |
|    phv5   |    -    |                                                   |       |  |   |   |   |   |   |   |   |   |   |   |   |    |    |    |    |    |    |    |    |    |    |   |
|    phv6   |    -    |                                                   |       |  |   |   |   |   |   |   |   |   |   |   |   |    |    |    |    |    |    |    |    |    |    |   |
|    phv7   |    -    |                                                   |       |  |   |   |   |   |   |   |   |   |   |   |   |    |    |    |    |    |    |    |    |    |    |   |
|    phv8   |    -    |                                                   |       |  |   |   |   |   |   |   |   |   |   |   |   |    |    |    |    |    |    |    |    |    |    |   |
|    phv9   |    -    |                                                   |       |  |   |   |   |   |   |   |   |   |   |   |   |    |    |    |    |    |    |    |    |    |    |   |
|   phv10   |    -    |                                                   |       |  |   |   |   |   |   |   |   |   |   |   |   |    |    |    |    |    |    |    |    |    |    |   |
|   phv11   |    -    |                                                   |       |  |   |   |   |   |   |   |   |   |   |   |   |    |    |    |    |    |    |    |    |    |    |   |
|           |         |                                                   |       |  |   |   |   |   |   |   |   |   |   |   |   |    |    |    |    |    |    |    |    |    |    |   |
|   phv12   | ingress |                                                   |   SH  |  |   |   |   |   |   |   |   |   |   |   |   |    |    |    |    |    |    |    |    |    |    |   |
|   [31:24] | ingress |          hdr.attention_data.data_28[7:0]          |  pkt  |  | W | ~ | ~ | ~ | ~ | ~ | ~ | ~ | ~ | ~ | ~ | ~  | ~  | ~  | ~  | ~  | R  | ~  | ~  | ~  | ~  | R |
|   [23:16] | ingress |          hdr.attention_data.data_29[7:0]          |  pkt  |  | W | ~ | ~ | ~ | ~ | ~ | ~ | ~ | ~ | ~ | ~ | ~  | ~  | ~  | ~  | ~  | R  | ~  | ~  | ~  | ~  | R |
|   [15:8]  | ingress |          hdr.attention_data.data_30[7:0]          |  pkt  |  | W | ~ | ~ | ~ | ~ | ~ | ~ | ~ | ~ | ~ | ~ | ~  | ~  | ~  | ~  | ~  | R  | ~  | ~  | ~  | ~  | R |
|    [7:0]  | ingress |          hdr.attention_data.data_31[7:0]          |  pkt  |  | W | ~ | ~ | ~ | ~ | ~ | ~ | ~ | ~ | ~ | ~ | ~  | ~  | ~  | ~  | R  | ~  | ~  | ~  | ~  | ~  | R |
|   phv13   | ingress |                                                   |   SH  |  |   |   |   |   |   |   |   |   |   |   |   |    |    |    |    |    |    |    |    |    |    |   |
|   [31:24] | ingress |          hdr.attention_data.data_24[7:0]          |  pkt  |  | W | ~ | ~ | ~ | ~ | ~ | ~ | ~ | ~ | ~ | ~ | ~  | ~  | ~  | ~  | ~  | ~  | R  | ~  | ~  | ~  | R |
|   [23:16] | ingress |          hdr.attention_data.data_25[7:0]          |  pkt  |  | W | ~ | ~ | ~ | ~ | ~ | ~ | ~ | ~ | ~ | ~ | ~  | ~  | ~  | ~  | ~  | ~  | R  | ~  | ~  | ~  | R |
|   [15:8]  | ingress |          hdr.attention_data.data_26[7:0]          |  pkt  |  | W | ~ | ~ | ~ | ~ | ~ | ~ | ~ | ~ | ~ | ~ | ~  | ~  | ~  | ~  | ~  | ~  | R  | ~  | ~  | ~  | R |
|    [7:0]  | ingress |          hdr.attention_data.data_27[7:0]          |  pkt  |  | W | ~ | ~ | ~ | ~ | ~ | ~ | ~ | ~ | ~ | ~ | ~  | ~  | ~  | ~  | ~  | R  | ~  | ~  | ~  | ~  | R |
|   phv14   | ingress |                                                   |   SH  |  |   |   |   |   |   |   |   |   |   |   |   |    |    |    |    |    |    |    |    |    |    |   |
|   [31:24] | ingress |          hdr.attention_data.data_20[7:0]          |  pkt  |  | W | ~ | ~ | ~ | ~ | ~ | ~ | ~ | ~ | ~ | ~ | ~  | R  | ~  | ~  | ~  | ~  | ~  | ~  | ~  | ~  | R |
|   [23:16] | ingress |          hdr.attention_data.data_21[7:0]          |  pkt  |  | W | ~ | ~ | ~ | ~ | ~ | ~ | ~ | ~ | ~ | ~ | ~  | R  | ~  | ~  | ~  | ~  | ~  | ~  | ~  | ~  | R |
|   [15:8]  | ingress |          hdr.attention_data.data_22[7:0]          |  pkt  |  | W | ~ | ~ | ~ | ~ | ~ | ~ | ~ | ~ | ~ | ~ | R  | ~  | ~  | ~  | ~  | ~  | ~  | ~  | ~  | ~  | R |
|    [7:0]  | ingress |          hdr.attention_data.data_23[7:0]          |  pkt  |  | W | ~ | ~ | ~ | ~ | ~ | ~ | ~ | ~ | ~ | ~ | R  | ~  | ~  | ~  | ~  | ~  | ~  | ~  | ~  | ~  | R |
|   phv15   | ingress |                                                   |   SH  |  |   |   |   |   |   |   |   |   |   |   |   |    |    |    |    |    |    |    |    |    |    |   |
|   [31:24] | ingress |          hdr.attention_data.data_16[7:0]          |  pkt  |  | W | ~ | ~ | ~ | ~ | ~ | ~ | ~ | ~ | ~ | ~ | ~  | ~  | R  | ~  | ~  | ~  | ~  | ~  | ~  | ~  | R |
|   [23:16] | ingress |          hdr.attention_data.data_17[7:0]          |  pkt  |  | W | ~ | ~ | ~ | ~ | ~ | ~ | ~ | ~ | ~ | ~ | ~  | ~  | R  | ~  | ~  | ~  | ~  | ~  | ~  | ~  | R |
|   [15:8]  | ingress |          hdr.attention_data.data_18[7:0]          |  pkt  |  | W | ~ | ~ | ~ | ~ | ~ | ~ | ~ | ~ | ~ | ~ | ~  | ~  | R  | ~  | ~  | ~  | ~  | ~  | ~  | ~  | R |
|    [7:0]  | ingress |          hdr.attention_data.data_19[7:0]          |  pkt  |  | W | ~ | ~ | ~ | ~ | ~ | ~ | ~ | ~ | ~ | ~ | ~  | R  | ~  | ~  | ~  | ~  | ~  | ~  | ~  | ~  | R |
|           |         |                                                   |       |  |   |   |   |   |   |   |   |   |   |   |   |    |    |    |    |    |    |    |    |    |    |   |
|   phv16   |    -    |                                                   |       |  |   |   |   |   |   |   |   |   |   |   |   |    |    |    |    |    |    |    |    |    |    |   |
|   phv17   |    -    |                                                   |       |  |   |   |   |   |   |   |   |   |   |   |   |    |    |    |    |    |    |    |    |    |    |   |
|   phv18   |    -    |                                                   |       |  |   |   |   |   |   |   |   |   |   |   |   |    |    |    |    |    |    |    |    |    |    |   |
|   phv19   |    -    |                                                   |       |  |   |   |   |   |   |   |   |   |   |   |   |    |    |    |    |    |    |    |    |    |    |   |
|           |         |                                                   |       |  |   |   |   |   |   |   |   |   |   |   |   |    |    |    |    |    |    |    |    |    |    |   |
|   phv20   |    -    |                                                   |       |  |   |   |   |   |   |   |   |   |   |   |   |    |    |    |    |    |    |    |    |    |    |   |
|   phv21   |    -    |                                                   |       |  |   |   |   |   |   |   |   |   |   |   |   |    |    |    |    |    |    |    |    |    |    |   |
|   phv22   |    -    |                                                   |       |  |   |   |   |   |   |   |   |   |   |   |   |    |    |    |    |    |    |    |    |    |    |   |
|   phv23   |    -    |                                                   |       |  |   |   |   |   |   |   |   |   |   |   |   |    |    |    |    |    |    |    |    |    |    |   |
|   phv24   |    -    |                                                   |       |  |   |   |   |   |   |   |   |   |   |   |   |    |    |    |    |    |    |    |    |    |    |   |
|   phv25   |    -    |                                                   |       |  |   |   |   |   |   |   |   |   |   |   |   |    |    |    |    |    |    |    |    |    |    |   |
|   phv26   |    -    |                                                   |       |  |   |   |   |   |   |   |   |   |   |   |   |    |    |    |    |    |    |    |    |    |    |   |
|   phv27   |    -    |                                                   |       |  |   |   |   |   |   |   |   |   |   |   |   |    |    |    |    |    |    |    |    |    |    |   |
|   phv28   |    -    |                                                   |       |  |   |   |   |   |   |   |   |   |   |   |   |    |    |    |    |    |    |    |    |    |    |   |
|   phv29   |    -    |                                                   |       |  |   |   |   |   |   |   |   |   |   |   |   |    |    |    |    |    |    |    |    |    |    |   |
|   phv30   |    -    |                                                   |       |  |   |   |   |   |   |   |   |   |   |   |   |    |    |    |    |    |    |    |    |    |    |   |
|   phv31   |    -    |                                                   |       |  |   |   |   |   |   |   |   |   |   |   |   |    |    |    |    |    |    |    |    |    |    |   |
|           |         |                                                   |       |  |   |   |   |   |   |   |   |   |   |   |   |    |    |    |    |    |    |    |    |    |    |   |
|   phv32   | ingress |                                                   |   SH  |  |   |   |   |   |   |   |   |   |   |   |   |    |    |    |    |    |    |    |    |    |    |   |
|   [31:24] | ingress |          hdr.attention_data.data_12[7:0]          |  pkt  |  | W | ~ | ~ | ~ | ~ | ~ | ~ | ~ | R | ~ | ~ | ~  | ~  | ~  | ~  | ~  | ~  | ~  | ~  | ~  | ~  | R |
|   [23:16] | ingress |          hdr.attention_data.data_13[7:0]          |  pkt  |  | W | ~ | ~ | ~ | ~ | ~ | ~ | ~ | R | ~ | ~ | ~  | ~  | ~  | ~  | ~  | ~  | ~  | ~  | ~  | ~  | R |
|   [15:8]  | ingress |          hdr.attention_data.data_14[7:0]          |  pkt  |  | W | ~ | ~ | ~ | ~ | ~ | ~ | R | ~ | ~ | ~ | ~  | ~  | ~  | ~  | ~  | ~  | ~  | ~  | ~  | ~  | R |
|    [7:0]  | ingress |          hdr.attention_data.data_15[7:0]          |  pkt  |  | W | ~ | ~ | ~ | ~ | ~ | ~ | R | ~ | ~ | ~ | ~  | ~  | ~  | ~  | ~  | ~  | ~  | ~  | ~  | ~  | R |
|   phv33   | ingress |                                                   |   SH  |  |   |   |   |   |   |   |   |   |   |   |   |    |    |    |    |    |    |    |    |    |    |   |
|   [31:24] | ingress |           hdr.attention_data.data_8[7:0]          |  pkt  |  | W | ~ | ~ | ~ | ~ | ~ | ~ | ~ | ~ | R | ~ | ~  | ~  | ~  | ~  | ~  | ~  | ~  | ~  | ~  | ~  | R |
|   [23:16] | ingress |           hdr.attention_data.data_9[7:0]          |  pkt  |  | W | ~ | ~ | ~ | ~ | ~ | ~ | ~ | ~ | R | ~ | ~  | ~  | ~  | ~  | ~  | ~  | ~  | ~  | ~  | ~  | R |
|   [15:8]  | ingress |          hdr.attention_data.data_10[7:0]          |  pkt  |  | W | ~ | ~ | ~ | ~ | ~ | ~ | ~ | ~ | R | ~ | ~  | ~  | ~  | ~  | ~  | ~  | ~  | ~  | ~  | ~  | R |
|    [7:0]  | ingress |          hdr.attention_data.data_11[7:0]          |  pkt  |  | W | ~ | ~ | ~ | ~ | ~ | ~ | ~ | R | ~ | ~ | ~  | ~  | ~  | ~  | ~  | ~  | ~  | ~  | ~  | ~  | R |
|   phv34   | ingress |                                                   |   SH  |  |   |   |   |   |   |   |   |   |   |   |   |    |    |    |    |    |    |    |    |    |    |   |
|   [31:24] | ingress |           hdr.attention_data.data_4[7:0]          |  pkt  |  | W | ~ | ~ | ~ | R | ~ | ~ | ~ | ~ | ~ | ~ | ~  | ~  | ~  | ~  | ~  | ~  | ~  | ~  | ~  | ~  | R |
|   [23:16] | ingress |           hdr.attention_data.data_5[7:0]          |  pkt  |  | W | ~ | ~ | ~ | R | ~ | ~ | ~ | ~ | ~ | ~ | ~  | ~  | ~  | ~  | ~  | ~  | ~  | ~  | ~  | ~  | R |
|   [15:8]  | ingress |           hdr.attention_data.data_6[7:0]          |  pkt  |  | W | ~ | ~ | ~ | R | ~ | ~ | ~ | ~ | ~ | ~ | ~  | ~  | ~  | ~  | ~  | ~  | ~  | ~  | ~  | ~  | R |
|    [7:0]  | ingress |           hdr.attention_data.data_7[7:0]          |  pkt  |  | W | ~ | ~ | ~ | R | ~ | ~ | ~ | ~ | ~ | ~ | ~  | ~  | ~  | ~  | ~  | ~  | ~  | ~  | ~  | ~  | R |
|   phv35   | ingress |                                                   |   SH  |  |   |   |   |   |   |   |   |   |   |   |   |    |    |    |    |    |    |    |    |    |    |   |
|   [31:24] | ingress |           hdr.attention_data.data_0[7:0]          |  pkt  |  | W | ~ | ~ | ~ | ~ | R | ~ | ~ | ~ | ~ | ~ | ~  | ~  | ~  | ~  | ~  | ~  | ~  | ~  | ~  | ~  | R |
|   [23:16] | ingress |           hdr.attention_data.data_1[7:0]          |  pkt  |  | W | ~ | ~ | ~ | ~ | R | ~ | ~ | ~ | ~ | ~ | ~  | ~  | ~  | ~  | ~  | ~  | ~  | ~  | ~  | ~  | R |
|   [15:8]  | ingress |           hdr.attention_data.data_2[7:0]          |  pkt  |  | W | ~ | ~ | ~ | ~ | R | ~ | ~ | ~ | ~ | ~ | ~  | ~  | ~  | ~  | ~  | ~  | ~  | ~  | ~  | ~  | R |
|    [7:0]  | ingress |           hdr.attention_data.data_3[7:0]          |  pkt  |  | W | ~ | ~ | ~ | R | R | ~ | ~ | ~ | ~ | ~ | ~  | ~  | ~  | ~  | ~  | ~  | ~  | ~  | ~  | ~  | R |
|           |         |                                                   |       |  |   |   |   |   |   |   |   |   |   |   |   |    |    |    |    |    |    |    |    |    |    |   |
|   phv36   |    -    |                                                   |       |  |   |   |   |   |   |   |   |   |   |   |   |    |    |    |    |    |    |    |    |    |    |   |
|   phv37   |    -    |                                                   |       |  |   |   |   |   |   |   |   |   |   |   |   |    |    |    |    |    |    |    |    |    |    |   |
|   phv38   |    -    |                                                   |       |  |   |   |   |   |   |   |   |   |   |   |   |    |    |    |    |    |    |    |    |    |    |   |
|   phv39   |    -    |                                                   |       |  |   |   |   |   |   |   |   |   |   |   |   |    |    |    |    |    |    |    |    |    |    |   |
|           |         |                                                   |       |  |   |   |   |   |   |   |   |   |   |   |   |    |    |    |    |    |    |    |    |    |    |   |
|   phv40   |    -    |                                                   |       |  |   |   |   |   |   |   |   |   |   |   |   |    |    |    |    |    |    |    |    |    |    |   |
|   phv41   |    -    |                                                   |       |  |   |   |   |   |   |   |   |   |   |   |   |    |    |    |    |    |    |    |    |    |    |   |
|   phv42   |    -    |                                                   |       |  |   |   |   |   |   |   |   |   |   |   |   |    |    |    |    |    |    |    |    |    |    |   |
|   phv43   |    -    |                                                   |       |  |   |   |   |   |   |   |   |   |   |   |   |    |    |    |    |    |    |    |    |    |    |   |
|   phv44   |    -    |                                                   |       |  |   |   |   |   |   |   |   |   |   |   |   |    |    |    |    |    |    |    |    |    |    |   |
|   phv45   |    -    |                                                   |       |  |   |   |   |   |   |   |   |   |   |   |   |    |    |    |    |    |    |    |    |    |    |   |
|   phv46   |    -    |                                                   |       |  |   |   |   |   |   |   |   |   |   |   |   |    |    |    |    |    |    |    |    |    |    |   |
|   phv47   |    -    |                                                   |       |  |   |   |   |   |   |   |   |   |   |   |   |    |    |    |    |    |    |    |    |    |    |   |
|   phv48   |    -    |                                                   |       |  |   |   |   |   |   |   |   |   |   |   |   |    |    |    |    |    |    |    |    |    |    |   |
|   phv49   |    -    |                                                   |       |  |   |   |   |   |   |   |   |   |   |   |   |    |    |    |    |    |    |    |    |    |    |   |
|   phv50   |    -    |                                                   |       |  |   |   |   |   |   |   |   |   |   |   |   |    |    |    |    |    |    |    |    |    |    |   |
|   phv51   |    -    |                                                   |       |  |   |   |   |   |   |   |   |   |   |   |   |    |    |    |    |    |    |    |    |    |    |   |
|           |         |                                                   |       |  |   |   |   |   |   |   |   |   |   |   |   |    |    |    |    |    |    |    |    |    |    |   |
|   phv52   | ingress |                                                   |       |  |   |   |   |   |   |   |   |   |   |   |   |    |    |    |    |    |    |    |    |    |    |   |
|   [31:0]  | ingress |                ig_md.padding[47:16]               |  meta |  |   |   |   |   | R | R | R | R | R | R | R | R  | R  | R  | R  | R  | R  | R  | R  | R  |    |   |
|   phv53   | ingress |                                                   |       |  |   |   |   |   |   |   |   |   |   |   |   |    |    |    |    |    |    |    |    |    |    |   |
|   [31:0]  | ingress |                ig_md.padding[79:48]               |  meta |  |   |   |   |   | R | R | R | R | R | R | R | R  | R  | R  | R  | R  | R  | R  | R  | R  |    |   |
|   phv54   |    -    |                                                   |       |  |   |   |   |   |   |   |   |   |   |   |   |    |    |    |    |    |    |    |    |    |    |   |
|   phv55   |    -    |                                                   |       |  |   |   |   |   |   |   |   |   |   |   |   |    |    |    |    |    |    |    |    |    |    |   |
|           |         |                                                   |       |  |   |   |   |   |   |   |   |   |   |   |   |    |    |    |    |    |    |    |    |    |    |   |
|   phv56   |    -    |                                                   |       |  |   |   |   |   |   |   |   |   |   |   |   |    |    |    |    |    |    |    |    |    |    |   |
|   phv57   |    -    |                                                   |       |  |   |   |   |   |   |   |   |   |   |   |   |    |    |    |    |    |    |    |    |    |    |   |
|   phv58   |    -    |                                                   |       |  |   |   |   |   |   |   |   |   |   |   |   |    |    |    |    |    |    |    |    |    |    |   |
|   phv59   |    -    |                                                   |       |  |   |   |   |   |   |   |   |   |   |   |   |    |    |    |    |    |    |    |    |    |    |   |
|           |         |                                                   |       |  |   |   |   |   |   |   |   |   |   |   |   |    |    |    |    |    |    |    |    |    |    |   |
|   phv60   |    -    |                                                   |       |  |   |   |   |   |   |   |   |   |   |   |   |    |    |    |    |    |    |    |    |    |    |   |
|   phv61   |    -    |                                                   |       |  |   |   |   |   |   |   |   |   |   |   |   |    |    |    |    |    |    |    |    |    |    |   |
|   phv62   |    -    |                                                   |       |  |   |   |   |   |   |   |   |   |   |   |   |    |    |    |    |    |    |    |    |    |    |   |
|   phv63   |    -    |                                                   |       |  |   |   |   |   |   |   |   |   |   |   |   |    |    |    |    |    |    |    |    |    |    |   |
|   phv64   |    -    |                                                   |       |  |   |   |   |   |   |   |   |   |   |   |   |    |    |    |    |    |    |    |    |    |    |   |
|   phv65   |    -    |                                                   |       |  |   |   |   |   |   |   |   |   |   |   |   |    |    |    |    |    |    |    |    |    |    |   |
|   phv66   |    -    |                                                   |       |  |   |   |   |   |   |   |   |   |   |   |   |    |    |    |    |    |    |    |    |    |    |   |
|   phv67   |    -    |                                                   |       |  |   |   |   |   |   |   |   |   |   |   |   |    |    |    |    |    |    |    |    |    |    |   |
|   phv68   |    -    |                                                   |       |  |   |   |   |   |   |   |   |   |   |   |   |    |    |    |    |    |    |    |    |    |    |   |
|   phv69   |    -    |                                                   |       |  |   |   |   |   |   |   |   |   |   |   |   |    |    |    |    |    |    |    |    |    |    |   |
|   phv70   |    -    |                                                   |       |  |   |   |   |   |   |   |   |   |   |   |   |    |    |    |    |    |    |    |    |    |    |   |
|   phv71   |    -    |                                                   |       |  |   |   |   |   |   |   |   |   |   |   |   |    |    |    |    |    |    |    |    |    |    |   |
|           |         |                                                   |       |  |   |   |   |   |   |   |   |   |   |   |   |    |    |    |    |    |    |    |    |    |    |   |
|   phv72   |    -    |                                                   |       |  |   |   |   |   |   |   |   |   |   |   |   |    |    |    |    |    |    |    |    |    |    |   |
|   phv73   |    -    |                                                   |       |  |   |   |   |   |   |   |   |   |   |   |   |    |    |    |    |    |    |    |    |    |    |   |
|   phv74   |    -    |                                                   |       |  |   |   |   |   |   |   |   |   |   |   |   |    |    |    |    |    |    |    |    |    |    |   |
|   phv75   |    -    |                                                   |       |  |   |   |   |   |   |   |   |   |   |   |   |    |    |    |    |    |    |    |    |    |    |   |
|           |         |                                                   |       |  |   |   |   |   |   |   |   |   |   |   |   |    |    |    |    |    |    |    |    |    |    |   |
|   phv76   |    -    |                                                   |       |  |   |   |   |   |   |   |   |   |   |   |   |    |    |    |    |    |    |    |    |    |    |   |
|   phv77   |    -    |                                                   |       |  |   |   |   |   |   |   |   |   |   |   |   |    |    |    |    |    |    |    |    |    |    |   |
|   phv78   |    -    |                                                   |       |  |   |   |   |   |   |   |   |   |   |   |   |    |    |    |    |    |    |    |    |    |    |   |
|   phv79   |    -    |                                                   |       |  |   |   |   |   |   |   |   |   |   |   |   |    |    |    |    |    |    |    |    |    |    |   |
|           |         |                                                   |       |  |   |   |   |   |   |   |   |   |   |   |   |    |    |    |    |    |    |    |    |    |    |   |
|   phv80   | ingress |                                                   |   SH  |  |   |   |   |   |   |   |   |   |   |   |   |    |    |    |    |    |    |    |    |    |    |   |
|    [7:7]  | ingress |       hdr.recirculate_attention.$valid[0:0]       |  pov  |  | W | ~ | ~ | ~ | ~ | ~ | ~ | ~ | ~ | ~ | ~ | ~  | ~  | ~  | ~  | ~  | ~  | ~  | ~  | ~  | ~  | R |
|    [6:6]  | ingress |           hdr.attention_data.$valid[0:0]          |  pov  |  | W | ~ | ~ | ~ | ~ | ~ | ~ | ~ | ~ | ~ | ~ | ~  | ~  | ~  | ~  | ~  | ~  | ~  | ~  | ~  | ~  | R |
|    [5:5]  | ingress |             hdr.attention.$valid[0:0]             |  pov  |  | W | ~ | ~ | ~ | ~ | ~ | ~ | ~ | ~ | ~ | ~ | ~  | ~  | ~  | ~  | ~  | ~  | ~  | ~  | ~  | ~  | R |
|    [4:4]  | ingress |                hdr.udp.$valid[0:0]                |  pov  |  | W | ~ | ~ | ~ | ~ | ~ | ~ | ~ | ~ | ~ | ~ | ~  | ~  | ~  | ~  | ~  | ~  | ~  | ~  | ~  | ~  | R |
|    [3:3]  | ingress |                hdr.ipv4.$valid[0:0]               |  pov  |  | W | ~ | ~ | ~ | ~ | ~ | ~ | ~ | ~ | ~ | ~ | ~  | ~  | ~  | ~  | ~  | ~  | ~  | ~  | ~  | ~  | R |
|    [2:2]  | ingress |              hdr.ethernet.$valid[0:0]             |  pov  |  | W | ~ | ~ | ~ | ~ | ~ | ~ | ~ | ~ | ~ | ~ | ~  | ~  | ~  | ~  | ~  | ~  | ~  | ~  | ~  | ~  | R |
|    [1:1]  | ingress |         hdr.recirculate_gamma.$valid[0:0]         |  pov  |  | W | ~ | ~ | ~ | ~ | ~ | ~ | ~ | ~ | ~ | ~ | ~  | ~  | ~  | ~  | ~  | ~  | ~  | ~  | ~  | ~  | R |
|    [0:0]  | ingress |            hdr.recirculate.$valid[0:0]            |  pov  |  | W | ~ | ~ | ~ | ~ | ~ | ~ | ~ | ~ | ~ | ~ | ~  | ~  | ~  | ~  | ~  | ~  | ~  | ~  | ~  | ~  | R |
|   phv81   | ingress |                                                   | OL,SH |  |   |   |   |   |   |   |   |   |   |   |   |    |    |    |    |    |    |    |    |    |    |   |
|    [7:0]  | ingress |                ig_md.gamma_ba[7:0]                |  meta |  |   |   | W | R |   |   |   |   |   |   |   |    |    |    |    |    |    |    |    |    |    |   |
|    [7:0]  | ingress |           ig_md.attention_9_pkt_res[7:0]          |  meta |  |   |   |   |   |   |   |   |   |   | W | R | R  |    |    |    |    |    |    |    |    |    |   |
|    [7:0]  | ingress |         ig_md.attention_29_local_res[7:0]         |  meta |  |   |   |   |   |   |   |   |   |   |   |   |    |    |    |    |    |    |    | W  |    |    |   |
|   phv82   | ingress |                                                   | OL,SH |  |   |   |   |   |   |   |   |   |   |   |   |    |    |    |    |    |    |    |    |    |    |   |
|    [7:0]  | ingress |                 ig_md.offset[7:0]                 |  meta |  |   | W |   |   |   |   |   |   |   |   |   |    |    |    |    |    |    |    |    |    |    |   |
|    [7:0]  | ingress |          ig_md.attention_set.data_24[7:0]         |  meta |  |   |   |   |   |   |   |   |   |   |   |   |    |    |    |    |    |    | W  | ~  | R  |    |   |
|    [7:0]  | ingress |          ig_md.attention_10_pkt_res[7:0]          |  meta |  |   |   |   |   |   |   |   |   |   | W | R | R  |    |    |    |    |    |    |    |    |    |   |
|   phv83   | ingress |                                                   |       |  |   |   |   |   |   |   |   |   |   |   |   |    |    |    |    |    |    |    |    |    |    |   |
|    [7:0]  | ingress |          ig_md.attention_29_pkt_res[7:0]          |  meta |  |   |   |   |   |   |   |   |   |   |   |   |    |    |    |    |    | W  | ~  | R  |    |    |   |
|   phv84   |  egress |                                                   |   SH  |  |   |   |   |   |   |   |   |   |   |   |   |    |    |    |    |    |    |    |    |    |    |   |
|    [1:1]  |  egress |         eg_intr_md.egress_port.$valid[0:0]        |  meta |  | W | ~ | ~ | ~ | ~ | ~ | ~ | ~ | ~ | ~ | ~ | ~  | ~  | ~  | ~  | ~  | ~  | ~  | ~  | ~  | ~  | R |
|    [0:0]  |  egress | eg_intr_md_for_dprsr.mirror_io_select.$valid[0:0] |  meta |  | W | ~ | ~ | ~ | ~ | ~ | ~ | ~ | ~ | ~ | ~ | ~  | ~  | ~  | ~  | ~  | ~  | ~  | ~  | ~  | ~  | R |
|   phv85   | ingress |                                                   | OL,SH |  |   |   |   |   |   |   |   |   |   |   |   |    |    |    |    |    |    |    |    |    |    |   |
|    [7:0]  | ingress |           ig_md.attention_6_pkt_res[7:0]          |  meta |  |   |   |   |   | W | R | R |   |   |   |   |    |    |    |    |    |    |    |    |    |    |   |
|    [7:0]  | ingress |          ig_md.attention_9_local_res[7:0]         |  meta |  |   |   |   |   |   |   |   |   |   |   | W | W  |    |    |    |    |    |    |    |    |    |   |
|    [7:0]  | ingress |         ig_md.attention_18_local_res[7:0]         |  meta |  |   |   |   |   |   |   |   |   |   |   |   |    |    |    | W  | W  |    |    |    |    |    |   |
|    [7:0]  | ingress |         ig_md.attention_31_local_res[7:0]         |  meta |  |   |   |   |   |   |   |   |   |   |   |   |    |    |    |    |    |    | W  | W  |    |    |   |
|   phv86   | ingress |                                                   | OL,SH |  |   |   |   |   |   |   |   |   |   |   |   |    |    |    |    |    |    |    |    |    |    |   |
|    [7:0]  | ingress |          ig_md.attention_6_local_res[7:0]         |  meta |  |   |   |   |   |   | W | W |   |   |   |   |    |    |    |    |    |    |    |    |    |    |   |
|    [7:0]  | ingress |         ig_md.attention_10_local_res[7:0]         |  meta |  |   |   |   |   |   |   |   |   |   |   | W | W  |    |    |    |    |    |    |    |    |    |   |
|    [7:0]  | ingress |         ig_md.attention_23_local_res[7:0]         |  meta |  |   |   |   |   |   |   |   |   |   |   |   |    |    | W  | W  |    |    |    |    |    |    |   |
|   phv87   | ingress |                                                   |       |  |   |   |   |   |   |   |   |   |   |   |   |    |    |    |    |    |    |    |    |    |    |   |
|    [7:0]  | ingress |          ig_md.attention_18_pkt_res[7:0]          |  meta |  |   |   |   |   |   |   |   |   |   |   |   |    |    | W  | R  | R  |    |    |    |    |    |   |
|   phv88   | ingress |                                                   |       |  |   |   |   |   |   |   |   |   |   |   |   |    |    |    |    |    |    |    |    |    |    |   |
|    [7:0]  | ingress |          ig_md.attention_23_pkt_res[7:0]          |  meta |  |   |   |   |   |   |   |   |   |   |   |   | W  | ~  | R  | R  |    |    |    |    |    |    |   |
|   phv89   | ingress |                                                   |       |  |   |   |   |   |   |   |   |   |   |   |   |    |    |    |    |    |    |    |    |    |    |   |
|    [7:0]  | ingress |          ig_md.attention_31_pkt_res[7:0]          |  meta |  |   |   |   |   |   |   |   |   |   |   |   |    |    |    |    | W  | ~  | R  | R  |    |    |   |
|   phv90   | ingress |                                                   | OL,SH |  |   |   |   |   |   |   |   |   |   |   |   |    |    |    |    |    |    |    |    |    |    |   |
|    [7:0]  | ingress |          ig_md.attention_set.data_18[7:0]         |  meta |  |   |   |   |   |   |   |   |   |   |   |   |    | W  | W  | R  | R  |    |    |    |    |    |   |
|    [7:0]  | ingress |           ig_md.attention_1_pkt_res[7:0]          |  meta |  |   |   |   |   |   | W | R | R |   |   |   |    |    |    |    |    |    |    |    |    |    |   |
|   phv91   | ingress |                                                   | OL,SH |  |   |   |   |   |   |   |   |   |   |   |   |    |    |    |    |    |    |    |    |    |    |   |
|    [7:0]  | ingress |          ig_md.attention_set.data_25[7:0]         |  meta |  |   |   |   |   |   |   |   |   |   |   |   |    |    |    |    |    |    | W  | ~  | R  |    |   |
|    [7:0]  | ingress |          ig_md.attention_1_local_res[7:0]         |  meta |  |   |   |   |   |   |   | W | W |   |   |   |    |    |    |    |    |    |    |    |    |    |   |
|           |         |                                                   |       |  |   |   |   |   |   |   |   |   |   |   |   |    |    |    |    |    |    |    |    |    |    |   |
|   phv92   |    -    |                                                   |       |  |   |   |   |   |   |   |   |   |   |   |   |    |    |    |    |    |    |    |    |    |    |   |
|   phv93   |    -    |                                                   |       |  |   |   |   |   |   |   |   |   |   |   |   |    |    |    |    |    |    |    |    |    |    |   |
|   phv94   |    -    |                                                   |       |  |   |   |   |   |   |   |   |   |   |   |   |    |    |    |    |    |    |    |    |    |    |   |
|   phv95   |    -    |                                                   |       |  |   |   |   |   |   |   |   |   |   |   |   |    |    |    |    |    |    |    |    |    |    |   |
|           |         |                                                   |       |  |   |   |   |   |   |   |   |   |   |   |   |    |    |    |    |    |    |    |    |    |    |   |
|   phv96   |    -    |                                                   |       |  |   |   |   |   |   |   |   |   |   |   |   |    |    |    |    |    |    |    |    |    |    |   |
|   phv97   |    -    |                                                   |       |  |   |   |   |   |   |   |   |   |   |   |   |    |    |    |    |    |    |    |    |    |    |   |
|   phv98   |    -    |                                                   |       |  |   |   |   |   |   |   |   |   |   |   |   |    |    |    |    |    |    |    |    |    |    |   |
|   phv99   |    -    |                                                   |       |  |   |   |   |   |   |   |   |   |   |   |   |    |    |    |    |    |    |    |    |    |    |   |
|           |         |                                                   |       |  |   |   |   |   |   |   |   |   |   |   |   |    |    |    |    |    |    |    |    |    |    |   |
|   phv100  | ingress |                                                   | OL,SH |  |   |   |   |   |   |   |   |   |   |   |   |    |    |    |    |    |    |    |    |    |    |   |
|    [7:0]  | ingress |           ig_md.attention_4_pkt_res[7:0]          |  meta |  |   |   |   |   | W | ~ | R |   |   |   |   |    |    |    |    |    |    |    |    |    |    |   |
|    [7:0]  | ingress |         ig_md.attention_11_local_res[7:0]         |  meta |  |   |   |   |   |   |   |   |   |   |   | W |    |    |    |    |    |    |    |    |    |    |   |
|    [7:0]  | ingress |         ig_md.attention_16_local_res[7:0]         |  meta |  |   |   |   |   |   |   |   |   |   |   |   |    |    |    |    | W  |    |    |    |    |    |   |
|   phv101  | ingress |                                                   | OL,SH |  |   |   |   |   |   |   |   |   |   |   |   |    |    |    |    |    |    |    |    |    |    |   |
|    [7:0]  | ingress |          ig_md.attention_4_local_res[7:0]         |  meta |  |   |   |   |   |   |   | W |   |   |   |   |    |    |    |    |    |    |    |    |    |    |   |
|    [7:0]  | ingress |         ig_md.attention_12_local_res[7:0]         |  meta |  |   |   |   |   |   |   |   |   |   |   | W |    |    |    |    |    |    |    |    |    |    |   |
|    [7:0]  | ingress |         ig_md.attention_17_local_res[7:0]         |  meta |  |   |   |   |   |   |   |   |   |   |   |   |    |    |    |    | W  |    |    |    |    |    |   |
|   phv102  | ingress |                                                   | OL,SH |  |   |   |   |   |   |   |   |   |   |   |   |    |    |    |    |    |    |    |    |    |    |   |
|    [7:0]  | ingress |           ig_md.attention_5_pkt_res[7:0]          |  meta |  |   |   |   |   | W | ~ | R |   |   |   |   |    |    |    |    |    |    |    |    |    |    |   |
|    [7:0]  | ingress |         ig_md.attention_13_local_res[7:0]         |  meta |  |   |   |   |   |   |   |   |   |   |   | W |    |    |    |    |    |    |    |    |    |    |   |
|   phv103  | ingress |                                                   | OL,SH |  |   |   |   |   |   |   |   |   |   |   |   |    |    |    |    |    |    |    |    |    |    |   |
|    [7:0]  | ingress |          ig_md.attention_5_local_res[7:0]         |  meta |  |   |   |   |   |   |   | W |   |   |   |   |    |    |    |    |    |    |    |    |    |    |   |
|    [7:0]  | ingress |         ig_md.attention_14_local_res[7:0]         |  meta |  |   |   |   |   |   |   |   |   |   |   | W |    |    |    |    |    |    |    |    |    |    |   |
|   phv104  | ingress |                                                   | OL,SH |  |   |   |   |   |   |   |   |   |   |   |   |    |    |    |    |    |    |    |    |    |    |   |
|    [7:0]  | ingress |          ig_md.attention_set.data_23[7:0]         |  meta |  |   |   |   |   |   |   |   |   |   |   | W | W  | ~  | R  | R  |    |    |    |    |    |    |   |
|    [7:0]  | ingress |           ig_md.attention_7_pkt_res[7:0]          |  meta |  |   |   |   |   | W | R |   |   |   |   |   |    |    |    |    |    |    |    |    |    |    |   |
|   phv105  | ingress |                                                   | OL,SH |  |   |   |   |   |   |   |   |   |   |   |   |    |    |    |    |    |    |    |    |    |    |   |
|    [7:0]  | ingress |          ig_md.attention_set.data_26[7:0]         |  meta |  |   |   |   |   |   |   |   |   |   |   |   |    |    |    |    |    |    | W  | R  | R  |    |   |
|    [7:0]  | ingress |          ig_md.attention_7_local_res[7:0]         |  meta |  |   |   |   |   |   | W |   |   |   |   |   |    |    |    |    |    |    |    |    |    |    |   |
|   phv106  | ingress |                                                   | OL,SH |  |   |   |   |   |   |   |   |   |   |   |   |    |    |    |    |    |    |    |    |    |    |   |
|    [7:0]  | ingress |          ig_md.attention_set.data_29[7:0]         |  meta |  |   |   |   |   |   |   |   |   |   |   |   |    |    |    |    | W  | ~  | ~  | R  |    |    |   |
|    [7:0]  | ingress |          ig_md.attention_11_pkt_res[7:0]          |  meta |  |   |   |   |   |   |   |   |   | W | ~ | R |    |    |    |    |    |    |    |    |    |    |   |
|   phv107  | ingress |                                                   | OL,SH |  |   |   |   |   |   |   |   |   |   |   |   |    |    |    |    |    |    |    |    |    |    |   |
|    [7:0]  | ingress |          ig_md.attention_set.data_30[7:0]         |  meta |  |   |   |   |   |   |   |   |   |   |   |   |    |    |    |    | W  | ~  | ~  | R  |    |    |   |
|    [7:0]  | ingress |          ig_md.attention_12_pkt_res[7:0]          |  meta |  |   |   |   |   |   |   |   |   | W | ~ | R |    |    |    |    |    |    |    |    |    |    |   |
|   phv108  | ingress |                                                   | OL,SH |  |   |   |   |   |   |   |   |   |   |   |   |    |    |    |    |    |    |    |    |    |    |   |
|    [7:0]  | ingress |          ig_md.attention_set.data_31[7:0]         |  meta |  |   |   |   |   |   |   |   |   |   |   |   |    |    |    |    | W  | ~  | R  | R  |    |    |   |
|    [7:0]  | ingress |          ig_md.attention_13_pkt_res[7:0]          |  meta |  |   |   |   |   |   |   |   |   | W | ~ | R |    |    |    |    |    |    |    |    |    |    |   |
|   phv109  | ingress |                                                   | OL,SH |  |   |   |   |   |   |   |   |   |   |   |   |    |    |    |    |    |    |    |    |    |    |   |
|    [7:0]  | ingress |          ig_md.attention_set.data_27[7:0]         |  meta |  |   |   |   |   |   |   |   |   |   |   |   |    |    |    |    |    | W  | ~  | R  |    |    |   |
|    [7:0]  | ingress |          ig_md.attention_14_pkt_res[7:0]          |  meta |  |   |   |   |   |   |   |   | W | ~ | ~ | R |    |    |    |    |    |    |    |    |    |    |   |
|   phv110  | ingress |                                                   |       |  |   |   |   |   |   |   |   |   |   |   |   |    |    |    |    |    |    |    |    |    |    |   |
|    [7:0]  | ingress |          ig_md.attention_16_pkt_res[7:0]          |  meta |  |   |   |   |   |   |   |   |   |   |   |   |    |    | W  | ~  | R  |    |    |    |    |    |   |
|   phv111  | ingress |                                                   |       |  |   |   |   |   |   |   |   |   |   |   |   |    |    |    |    |    |    |    |    |    |    |   |
|    [7:0]  | ingress |          ig_md.attention_17_pkt_res[7:0]          |  meta |  |   |   |   |   |   |   |   |   |   |   |   |    |    | W  | ~  | R  |    |    |    |    |    |   |
|           |         |                                                   |       |  |   |   |   |   |   |   |   |   |   |   |   |    |    |    |    |    |    |    |    |    |    |   |
|   phv112  |    -    |                                                   |       |  |   |   |   |   |   |   |   |   |   |   |   |    |    |    |    |    |    |    |    |    |    |   |
|   phv113  |    -    |                                                   |       |  |   |   |   |   |   |   |   |   |   |   |   |    |    |    |    |    |    |    |    |    |    |   |
|   phv114  |    -    |                                                   |       |  |   |   |   |   |   |   |   |   |   |   |   |    |    |    |    |    |    |    |    |    |    |   |
|   phv115  |    -    |                                                   |       |  |   |   |   |   |   |   |   |   |   |   |   |    |    |    |    |    |    |    |    |    |    |   |
|           |         |                                                   |       |  |   |   |   |   |   |   |   |   |   |   |   |    |    |    |    |    |    |    |    |    |    |   |
|   phv116  |    -    |                                                   |       |  |   |   |   |   |   |   |   |   |   |   |   |    |    |    |    |    |    |    |    |    |    |   |
|   phv117  |    -    |                                                   |       |  |   |   |   |   |   |   |   |   |   |   |   |    |    |    |    |    |    |    |    |    |    |   |
|   phv118  |    -    |                                                   |       |  |   |   |   |   |   |   |   |   |   |   |   |    |    |    |    |    |    |    |    |    |    |   |
|   phv119  |    -    |                                                   |       |  |   |   |   |   |   |   |   |   |   |   |   |    |    |    |    |    |    |    |    |    |    |   |
|           |         |                                                   |       |  |   |   |   |   |   |   |   |   |   |   |   |    |    |    |    |    |    |    |    |    |    |   |
|   phv120  | ingress |                                                   | OL,SH |  |   |   |   |   |   |   |   |   |   |   |   |    |    |    |    |    |    |    |    |    |    |   |
|    [7:0]  | ingress |           ig_md.attention_0_pkt_res[7:0]          |  meta |  |   |   |   |   |   | W | ~ | R |   |   |   |    |    |    |    |    |    |    |    |    |    |   |
|    [7:0]  | ingress |          ig_md.attention_8_local_res[7:0]         |  meta |  |   |   |   |   |   |   |   |   |   |   |   | W  |    |    |    |    |    |    |    |    |    |   |
|    [7:0]  | ingress |         ig_md.attention_19_local_res[7:0]         |  meta |  |   |   |   |   |   |   |   |   |   |   |   |    |    |    | W  |    |    |    |    |    |    |   |
|    [7:0]  | ingress |         ig_md.attention_27_local_res[7:0]         |  meta |  |   |   |   |   |   |   |   |   |   |   |   |    |    |    |    |    |    |    | W  |    |    |   |
|   phv121  | ingress |                                                   | OL,SH |  |   |   |   |   |   |   |   |   |   |   |   |    |    |    |    |    |    |    |    |    |    |   |
|    [7:0]  | ingress |          ig_md.attention_0_local_res[7:0]         |  meta |  |   |   |   |   |   |   |   | W |   |   |   |    |    |    |    |    |    |    |    |    |    |   |
|    [7:0]  | ingress |         ig_md.attention_15_local_res[7:0]         |  meta |  |   |   |   |   |   |   |   |   |   | W |   |    |    |    |    |    |    |    |    |    |    |   |
|    [7:0]  | ingress |         ig_md.attention_20_local_res[7:0]         |  meta |  |   |   |   |   |   |   |   |   |   |   |   |    |    |    | W  |    |    |    |    |    |    |   |
|    [7:0]  | ingress |         ig_md.attention_28_local_res[7:0]         |  meta |  |   |   |   |   |   |   |   |   |   |   |   |    |    |    |    |    |    |    | W  |    |    |   |
|   phv122  | ingress |                                                   | OL,SH |  |   |   |   |   |   |   |   |   |   |   |   |    |    |    |    |    |    |    |    |    |    |   |
|    [7:0]  | ingress |           ig_md.attention_2_pkt_res[7:0]          |  meta |  |   |   |   |   |   | W | R |   |   |   |   |    |    |    |    |    |    |    |    |    |    |   |
|    [7:0]  | ingress |         ig_md.attention_21_local_res[7:0]         |  meta |  |   |   |   |   |   |   |   |   |   |   |   |    |    |    | W  |    |    |    |    |    |    |   |
|   phv123  | ingress |                                                   | OL,SH |  |   |   |   |   |   |   |   |   |   |   |   |    |    |    |    |    |    |    |    |    |    |   |
|    [7:0]  | ingress |          ig_md.attention_2_local_res[7:0]         |  meta |  |   |   |   |   |   |   | W |   |   |   |   |    |    |    |    |    |    |    |    |    |    |   |
|    [7:0]  | ingress |         ig_md.attention_22_local_res[7:0]         |  meta |  |   |   |   |   |   |   |   |   |   |   |   |    |    |    | W  |    |    |    |    |    |    |   |
|   phv124  | ingress |                                                   | OL,SH |  |   |   |   |   |   |   |   |   |   |   |   |    |    |    |    |    |    |    |    |    |    |   |
|    [7:0]  | ingress |          ig_md.attention_set.data_28[7:0]         |  meta |  |   |   |   |   |   |   |   |   |   |   |   |    |    |    |    |    | W  | ~  | R  |    |    |   |
|    [7:0]  | ingress |           ig_md.attention_8_pkt_res[7:0]          |  meta |  |   |   |   |   |   |   |   |   |   | W | ~ | R  |    |    |    |    |    |    |    |    |    |   |
|   phv125  | ingress |                                                   |       |  |   |   |   |   |   |   |   |   |   |   |   |    |    |    |    |    |    |    |    |    |    |   |
|    [7:0]  | ingress |          ig_md.attention_15_pkt_res[7:0]          |  meta |  |   |   |   |   |   |   |   | W | ~ | R |   |    |    |    |    |    |    |    |    |    |    |   |
|   phv126  | ingress |                                                   |       |  |   |   |   |   |   |   |   |   |   |   |   |    |    |    |    |    |    |    |    |    |    |   |
|    [7:0]  | ingress |          ig_md.attention_19_pkt_res[7:0]          |  meta |  |   |   |   |   |   |   |   |   |   |   |   |    | W  | ~  | R  |    |    |    |    |    |    |   |
|   phv127  | ingress |                                                   |       |  |   |   |   |   |   |   |   |   |   |   |   |    |    |    |    |    |    |    |    |    |    |   |
|    [7:0]  | ingress |          ig_md.attention_20_pkt_res[7:0]          |  meta |  |   |   |   |   |   |   |   |   |   |   |   |    | W  | ~  | R  |    |    |    |    |    |    |   |
|   phv128  | ingress |                                                   |       |  |   |   |   |   |   |   |   |   |   |   |   |    |    |    |    |    |    |    |    |    |    |   |
|    [7:0]  | ingress |          ig_md.attention_21_pkt_res[7:0]          |  meta |  |   |   |   |   |   |   |   |   |   |   |   |    | W  | ~  | R  |    |    |    |    |    |    |   |
|   phv129  | ingress |                                                   |       |  |   |   |   |   |   |   |   |   |   |   |   |    |    |    |    |    |    |    |    |    |    |   |
|    [7:0]  | ingress |          ig_md.attention_22_pkt_res[7:0]          |  meta |  |   |   |   |   |   |   |   |   |   |   |   | W  | ~  | ~  | R  |    |    |    |    |    |    |   |
|   phv130  | ingress |                                                   |       |  |   |   |   |   |   |   |   |   |   |   |   |    |    |    |    |    |    |    |    |    |    |   |
|    [7:0]  | ingress |          ig_md.attention_27_pkt_res[7:0]          |  meta |  |   |   |   |   |   |   |   |   |   |   |   |    |    |    |    |    | W  | ~  | R  |    |    |   |
|   phv131  | ingress |                                                   |       |  |   |   |   |   |   |   |   |   |   |   |   |    |    |    |    |    |    |    |    |    |    |   |
|    [7:0]  | ingress |          ig_md.attention_28_pkt_res[7:0]          |  meta |  |   |   |   |   |   |   |   |   |   |   |   |    |    |    |    |    | W  | ~  | R  |    |    |   |
|           |         |                                                   |       |  |   |   |   |   |   |   |   |   |   |   |   |    |    |    |    |    |    |    |    |    |    |   |
|   phv132  |    -    |                                                   |       |  |   |   |   |   |   |   |   |   |   |   |   |    |    |    |    |    |    |    |    |    |    |   |
|   phv133  |    -    |                                                   |       |  |   |   |   |   |   |   |   |   |   |   |   |    |    |    |    |    |    |    |    |    |    |   |
|   phv134  |    -    |                                                   |       |  |   |   |   |   |   |   |   |   |   |   |   |    |    |    |    |    |    |    |    |    |    |   |
|   phv135  |    -    |                                                   |       |  |   |   |   |   |   |   |   |   |   |   |   |    |    |    |    |    |    |    |    |    |    |   |
|           |         |                                                   |       |  |   |   |   |   |   |   |   |   |   |   |   |    |    |    |    |    |    |    |    |    |    |   |
|   phv136  |    -    |                                                   |       |  |   |   |   |   |   |   |   |   |   |   |   |    |    |    |    |    |    |    |    |    |    |   |
|   phv137  |    -    |                                                   |       |  |   |   |   |   |   |   |   |   |   |   |   |    |    |    |    |    |    |    |    |    |    |   |
|   phv138  |    -    |                                                   |       |  |   |   |   |   |   |   |   |   |   |   |   |    |    |    |    |    |    |    |    |    |    |   |
|   phv139  |    -    |                                                   |       |  |   |   |   |   |   |   |   |   |   |   |   |    |    |    |    |    |    |    |    |    |    |   |
|           |         |                                                   |       |  |   |   |   |   |   |   |   |   |   |   |   |    |    |    |    |    |    |    |    |    |    |   |
|   phv140  | ingress |                                                   |       |  |   |   |   |   |   |   |   |   |   |   |   |    |    |    |    |    |    |    |    |    |    |   |
|    [7:0]  | ingress |          ig_md.attention_25_pkt_res[7:0]          |  meta |  |   |   |   |   |   |   |   |   |   |   |   |    |    |    |    |    |    | W  | ~  | R  |    |   |
|   phv141  | ingress |                                                   |       |  |   |   |   |   |   |   |   |   |   |   |   |    |    |    |    |    |    |    |    |    |    |   |
|    [7:0]  | ingress |         ig_md.attention_25_local_res[7:0]         |  meta |  |   |   |   |   |   |   |   |   |   |   |   |    |    |    |    |    |    |    |    | W  |    |   |
|   phv142  | ingress |                                                   |   SH  |  |   |   |   |   |   |   |   |   |   |   |   |    |    |    |    |    |    |    |    |    |    |   |
|    [4:4]  | ingress |         Ingress.attention_23_reg$ena[0:0]         |  meta |  | W |   |   |   |   |   |   |   |   |   |   |    |    |    |    |    |    |    |    |    |    |   |
|    [3:3]  | ingress |         Ingress.attention_15_reg$ena[0:0]         |  meta |  | W |   |   |   |   |   |   |   |   |   |   |    |    |    |    |    |    |    |    |    |    |   |
|    [2:2]  | ingress |          Ingress.attention_9_reg$ena[0:0]         |  meta |  | W |   |   |   |   |   |   |   |   |   |   |    |    |    |    |    |    |    |    |    |    |   |
|    [1:1]  | ingress |         Ingress.attention_18_reg$ena[0:0]         |  meta |  | W |   |   |   |   |   |   |   |   |   |   |    |    |    |    |    |    |    |    |    |    |   |
|    [0:0]  | ingress |          ig_md.local_gamma_big_flag[0:0]          |  meta |  |   |   |   | W | R | R | R | R | R | R | R | R  | R  | R  | R  | R  | R  | R  | R  | R  |    |   |
|   phv143  | ingress |                                                   |       |  |   |   |   |   |   |   |   |   |   |   |   |    |    |    |    |    |    |    |    |    |    |   |
|    [5:0]  | ingress |            ig_md.gamma_ba_cal_res[5:0]            |  meta |  |   |   |   | W | R | R | R | R | R | R | R | R  | R  | R  | R  | R  | R  | R  | R  | R  |    |   |
|   phv144  | ingress |                                                   |       |  |   |   |   |   |   |   |   |   |   |   |   |    |    |    |    |    |    |    |    |    |    |   |
|    [7:0]  | ingress |          ig_md.attention_set.data_9[7:0]          |  meta |  |   |   |   |   |   |   |   |   | W | W | R | R  |    |    |    |    |    |    |    |    |    |   |
|   phv145  | ingress |                                                   |       |  |   |   |   |   |   |   |   |   |   |   |   |    |    |    |    |    |    |    |    |    |    |   |
|    [7:0]  | ingress |          ig_md.attention_set.data_15[7:0]         |  meta |  |   |   |   |   |   |   | W | W | ~ | R |   |    |    |    |    |    |    |    |    |    |    |   |
|   phv146  | ingress |                                                   | OL,SH |  |   |   |   |   |   |   |   |   |   |   |   |    |    |    |    |    |    |    |    |    |    |   |
|    [7:0]  | ingress |          ig_md.attention_set.data_0[7:0]          |  meta |  |   |   |   |   | W | ~ | ~ | R |   |   |   |    |    |    |    |    |    |    |    |    |    |   |
|    [7:0]  | ingress |          ig_md.attention_set.data_16[7:0]         |  meta |  |   |   |   |   |   |   |   |   |   |   |   |    |    | W  | ~  | R  |    |    |    |    |    |   |
|   phv147  | ingress |                                                   | OL,SH |  |   |   |   |   |   |   |   |   |   |   |   |    |    |    |    |    |    |    |    |    |    |   |
|    [7:0]  | ingress |          ig_md.attention_set.data_1[7:0]          |  meta |  |   |   |   |   | W | ~ | R | R |   |   |   |    |    |    |    |    |    |    |    |    |    |   |
|    [7:0]  | ingress |          ig_md.attention_set.data_17[7:0]         |  meta |  |   |   |   |   |   |   |   |   |   |   |   |    |    | W  | ~  | R  |    |    |    |    |    |   |
|   phv148  | ingress |                                                   | OL,SH |  |   |   |   |   |   |   |   |   |   |   |   |    |    |    |    |    |    |    |    |    |    |   |
|    [7:0]  | ingress |          ig_md.attention_set.data_2[7:0]          |  meta |  |   |   |   |   | W | ~ | R |   |   |   |   |    |    |    |    |    |    |    |    |    |    |   |
|    [7:0]  | ingress |          ig_md.attention_set.data_19[7:0]         |  meta |  |   |   |   |   |   |   |   |   |   |   |   |    | W  | ~  | R  |    |    |    |    |    |    |   |
|   phv149  | ingress |                                                   | OL,SH |  |   |   |   |   |   |   |   |   |   |   |   |    |    |    |    |    |    |    |    |    |    |   |
|    [7:0]  | ingress |          ig_md.attention_set.data_3[7:0]          |  meta |  |   |   |   | W | ~ | ~ | R |   |   |   |   |    |    |    |    |    |    |    |    |    |    |   |
|    [7:0]  | ingress |          ig_md.attention_set.data_20[7:0]         |  meta |  |   |   |   |   |   |   |   |   |   |   |   |    | W  | ~  | R  |    |    |    |    |    |    |   |
|   phv150  | ingress |                                                   | OL,SH |  |   |   |   |   |   |   |   |   |   |   |   |    |    |    |    |    |    |    |    |    |    |   |
|    [7:0]  | ingress |          ig_md.attention_set.data_4[7:0]          |  meta |  |   |   |   | W | ~ | ~ | R |   |   |   |   |    |    |    |    |    |    |    |    |    |    |   |
|    [7:0]  | ingress |          ig_md.attention_set.data_21[7:0]         |  meta |  |   |   |   |   |   |   |   |   |   |   |   |    | W  | ~  | R  |    |    |    |    |    |    |   |
|   phv151  | ingress |                                                   | OL,SH |  |   |   |   |   |   |   |   |   |   |   |   |    |    |    |    |    |    |    |    |    |    |   |
|    [7:0]  | ingress |          ig_md.attention_set.data_5[7:0]          |  meta |  |   |   |   | W | ~ | ~ | R |   |   |   |   |    |    |    |    |    |    |    |    |    |    |   |
|    [7:0]  | ingress |          ig_md.attention_set.data_22[7:0]         |  meta |  |   |   |   |   |   |   |   |   |   |   |   | W  | ~  | ~  | R  |    |    |    |    |    |    |   |
|           |         |                                                   |       |  |   |   |   |   |   |   |   |   |   |   |   |    |    |    |    |    |    |    |    |    |    |   |
|   phv152  |    -    |                                                   |       |  |   |   |   |   |   |   |   |   |   |   |   |    |    |    |    |    |    |    |    |    |    |   |
|   phv153  |    -    |                                                   |       |  |   |   |   |   |   |   |   |   |   |   |   |    |    |    |    |    |    |    |    |    |    |   |
|   phv154  |    -    |                                                   |       |  |   |   |   |   |   |   |   |   |   |   |   |    |    |    |    |    |    |    |    |    |    |   |
|   phv155  |    -    |                                                   |       |  |   |   |   |   |   |   |   |   |   |   |   |    |    |    |    |    |    |    |    |    |    |   |
|           |         |                                                   |       |  |   |   |   |   |   |   |   |   |   |   |   |    |    |    |    |    |    |    |    |    |    |   |
|   phv156  |    -    |                                                   |       |  |   |   |   |   |   |   |   |   |   |   |   |    |    |    |    |    |    |    |    |    |    |   |
|   phv157  |    -    |                                                   |       |  |   |   |   |   |   |   |   |   |   |   |   |    |    |    |    |    |    |    |    |    |    |   |
|   phv158  |    -    |                                                   |       |  |   |   |   |   |   |   |   |   |   |   |   |    |    |    |    |    |    |    |    |    |    |   |
|   phv159  |    -    |                                                   |       |  |   |   |   |   |   |   |   |   |   |   |   |    |    |    |    |    |    |    |    |    |    |   |
|           |         |                                                   |       |  |   |   |   |   |   |   |   |   |   |   |   |    |    |    |    |    |    |    |    |    |    |   |
|   phv160  | ingress |                                                   | OL,SH |  |   |   |   |   |   |   |   |   |   |   |   |    |    |    |    |    |    |    |    |    |    |   |
|   [15:8]  | ingress |          ig_md.attention_26_pkt_res[7:0]          |  meta |  |   |   |   |   |   |   |   |   |   |   |   |    |    |    |    |    |    | W  | R  | R  |    |   |
|    [7:0]  | ingress |                ig_md.gamma_max[7:0]               |  meta |  |   |   | W | R |   |   |   |   |   |   |   |    |    |    |    |    |    |    |    |    |    |   |
|    [7:0]  | ingress |           ig_md.attention_3_pkt_res[7:0]          |  meta |  |   |   |   |   | W | W | R |   |   |   |   |    |    |    |    |    |    |    |    |    |    |   |
|   phv161  | ingress |                                                   | OL,SH |  |   |   |   |   |   |   |   |   |   |   |   |    |    |    |    |    |    |    |    |    |    |   |
|    [7:0]  | ingress |              ig_md.gamma_log_res[7:0]             |  meta |  |   |   |   | W |   |   |   |   |   |   |   |    |    |    |    |    |    |    |    |    |    |   |
|    [7:0]  | ingress |          ig_md.attention_3_local_res[7:0]         |  meta |  |   |   |   |   |   |   | W |   |   |   |   |    |    |    |    |    |    |    |    |    |    |   |
|    [7:0]  | ingress |         ig_md.attention_30_local_res[7:0]         |  meta |  |   |   |   |   |   |   |   |   |   |   |   |    |    |    |    |    |    |    | W  |    |    |   |
|   phv162  | ingress |                                                   |       |  |   |   |   |   |   |   |   |   |   |   |   |    |    |    |    |    |    |    |    |    |    |   |
|   [15:8]  | ingress |         ig_md.attention_26_local_res[7:0]         |  meta |  |   |   |   |   |   |   |   |   |   |   |   |    |    |    |    |    |    |    | W  | W  |    |   |
|   phv163  | ingress |                                                   |   SH  |  |   |   |   |   |   |   |   |   |   |   |   |    |    |    |    |    |    |    |    |    |    |   |
|   [15:8]  | ingress |          ig_md.attention_24_pkt_res[7:0]          |  meta |  |   |   |   |   |   |   |   |   |   |   |   |    |    |    |    |    |    | W  | ~  | R  |    |   |
|    [7:0]  | ingress |          ig_md.attention_30_pkt_res[7:0]          |  meta |  |   |   |   |   |   |   |   |   |   |   |   |    |    |    |    |    | W  | ~  | R  |    |    |   |
|   phv164  | ingress |                                                   |       |  |   |   |   |   |   |   |   |   |   |   |   |    |    |    |    |    |    |    |    |    |    |   |
|   [15:8]  | ingress |         ig_md.attention_24_local_res[7:0]         |  meta |  |   |   |   |   |   |   |   |   |   |   |   |    |    |    |    |    |    |    |    | W  |    |   |
|   phv165  | ingress |                                                   |   SH  |  |   |   |   |   |   |   |   |   |   |   |   |    |    |    |    |    |    |    |    |    |    |   |
|   [15:8]  | ingress |          ig_md.attention_set.data_10[7:0]         |  meta |  |   |   |   |   |   |   |   |   | W | ~ | R | R  |    |    |    |    |    |    |    |    |    |   |
|    [7:0]  | ingress |          ig_md.attention_set.data_6[7:0]          |  meta |  |   |   |   | W | ~ | R | R |   |   |   |   |    |    |    |    |    |    |    |    |    |    |   |
|   phv166  | ingress |                                                   |   SH  |  |   |   |   |   |   |   |   |   |   |   |   |    |    |    |    |    |    |    |    |    |    |   |
|   [15:8]  | ingress |          ig_md.attention_set.data_13[7:0]         |  meta |  |   |   |   |   |   |   |   | W | ~ | ~ | R |    |    |    |    |    |    |    |    |    |    |   |
|    [7:0]  | ingress |          ig_md.attention_set.data_11[7:0]         |  meta |  |   |   |   |   |   |   |   |   | W | ~ | R |    |    |    |    |    |    |    |    |    |    |   |
|   phv167  | ingress |                                                   |   SH  |  |   |   |   |   |   |   |   |   |   |   |   |    |    |    |    |    |    |    |    |    |    |   |
|   [15:8]  | ingress |          ig_md.attention_set.data_14[7:0]         |  meta |  |   |   |   |   |   |   |   | W | ~ | ~ | R |    |    |    |    |    |    |    |    |    |    |   |
|    [7:0]  | ingress |          ig_md.attention_set.data_12[7:0]         |  meta |  |   |   |   |   |   |   |   |   | W | ~ | R |    |    |    |    |    |    |    |    |    |    |   |
|   phv168  | ingress |                                                   |   SH  |  |   |   |   |   |   |   |   |   |   |   |   |    |    |    |    |    |    |    |    |    |    |   |
|   [15:8]  | ingress |          ig_md.attention_set.data_7[7:0]          |  meta |  |   |   | W | ~ | ~ | R |   |   |   |   |   |    |    |    |    |    |    |    |    |    |    |   |
|    [7:0]  | ingress |          ig_md.attention_set.data_8[7:0]          |  meta |  |   |   |   |   |   |   |   |   |   | W | ~ | R  |    |    |    |    |    |    |    |    |    |   |
|   phv169  | ingress |                                                   |       |  |   |   |   |   |   |   |   |   |   |   |   |    |    |    |    |    |    |    |    |    |    |   |
|    [9:0]  | ingress |        Ingress.attention_18_reg$index[9:0]        |  meta |  | W |   |   |   |   |   |   |   |   |   |   |    |    |    |    |    |    |    |    |    |    |   |
|   phv170  | ingress |                                                   |       |  |   |   |   |   |   |   |   |   |   |   |   |    |    |    |    |    |    |    |    |    |    |   |
|    [9:0]  | ingress |         Ingress.attention_9_reg$index[9:0]        |  meta |  | W |   |   |   |   |   |   |   |   |   |   |    |    |    |    |    |    |    |    |    |    |   |
|   phv171  | ingress |                                                   |       |  |   |   |   |   |   |   |   |   |   |   |   |    |    |    |    |    |    |    |    |    |    |   |
|    [9:0]  | ingress |        Ingress.attention_15_reg$index[9:0]        |  meta |  | W |   |   |   |   |   |   |   |   |   |   |    |    |    |    |    |    |    |    |    |    |   |
|           |         |                                                   |       |  |   |   |   |   |   |   |   |   |   |   |   |    |    |    |    |    |    |    |    |    |    |   |
|   phv172  | ingress |                                                   |   SH  |  |   |   |   |   |   |   |   |   |   |   |   |    |    |    |    |    |    |    |    |    |    |   |
|   [15:8]  | ingress |             hdr.attention.seq_id[7:0]             |  pkt  |  | W | ~ | R | ~ | ~ | ~ | ~ | ~ | ~ | ~ | ~ | ~  | ~  | ~  | ~  | ~  | ~  | ~  | ~  | ~  | ~  | R |
|    [7:0]  | ingress |              hdr.attention.gamma[7:0]             |  pkt  |  | W | ~ | ~ | ~ | ~ | ~ | ~ | ~ | ~ | ~ | ~ | ~  | ~  | ~  | ~  | ~  | ~  | ~  | ~  | ~  | ~  | R |
|   phv173  |    -    |                                                   |       |  |   |   |   |   |   |   |   |   |   |   |   |    |    |    |    |    |    |    |    |    |    |   |
|   phv174  |    -    |                                                   |       |  |   |   |   |   |   |   |   |   |   |   |   |    |    |    |    |    |    |    |    |    |    |   |
|   phv175  |    -    |                                                   |       |  |   |   |   |   |   |   |   |   |   |   |   |    |    |    |    |    |    |    |    |    |    |   |
|           |         |                                                   |       |  |   |   |   |   |   |   |   |   |   |   |   |    |    |    |    |    |    |    |    |    |    |   |
|   phv176  |    -    |                                                   |       |  |   |   |   |   |   |   |   |   |   |   |   |    |    |    |    |    |    |    |    |    |    |   |
|   phv177  |    -    |                                                   |       |  |   |   |   |   |   |   |   |   |   |   |   |    |    |    |    |    |    |    |    |    |    |   |
|   phv178  |    -    |                                                   |       |  |   |   |   |   |   |   |   |   |   |   |   |    |    |    |    |    |    |    |    |    |    |   |
|   phv179  |    -    |                                                   |       |  |   |   |   |   |   |   |   |   |   |   |   |    |    |    |    |    |    |    |    |    |    |   |
|           |         |                                                   |       |  |   |   |   |   |   |   |   |   |   |   |   |    |    |    |    |    |    |    |    |    |    |   |
|   phv180  | ingress |                                                   |       |  |   |   |   |   |   |   |   |   |   |   |   |    |    |    |    |    |    |    |    |    |    |   |
|    [9:0]  | ingress |        Ingress.attention_23_reg$index[9:0]        |  meta |  | W |   |   |   |   |   |   |   |   |   |   |    |    |    |    |    |    |    |    |    |    |   |
|   phv181  |    -    |                                                   |       |  |   |   |   |   |   |   |   |   |   |   |   |    |    |    |    |    |    |    |    |    |    |   |
|   phv182  |    -    |                                                   |       |  |   |   |   |   |   |   |   |   |   |   |   |    |    |    |    |    |    |    |    |    |    |   |
|   phv183  |    -    |                                                   |       |  |   |   |   |   |   |   |   |   |   |   |   |    |    |    |    |    |    |    |    |    |    |   |
|   phv184  |    -    |                                                   |       |  |   |   |   |   |   |   |   |   |   |   |   |    |    |    |    |    |    |    |    |    |    |   |
|   phv185  |    -    |                                                   |       |  |   |   |   |   |   |   |   |   |   |   |   |    |    |    |    |    |    |    |    |    |    |   |
|   phv186  |    -    |                                                   |       |  |   |   |   |   |   |   |   |   |   |   |   |    |    |    |    |    |    |    |    |    |    |   |
|   phv187  |    -    |                                                   |       |  |   |   |   |   |   |   |   |   |   |   |   |    |    |    |    |    |    |    |    |    |    |   |
|   phv188  |    -    |                                                   |       |  |   |   |   |   |   |   |   |   |   |   |   |    |    |    |    |    |    |    |    |    |    |   |
|   phv189  |    -    |                                                   |       |  |   |   |   |   |   |   |   |   |   |   |   |    |    |    |    |    |    |    |    |    |    |   |
|   phv190  |    -    |                                                   |       |  |   |   |   |   |   |   |   |   |   |   |   |    |    |    |    |    |    |    |    |    |    |   |
|   phv191  |    -    |                                                   |       |  |   |   |   |   |   |   |   |   |   |   |   |    |    |    |    |    |    |    |    |    |    |   |
|           |         |                                                   |       |  |   |   |   |   |   |   |   |   |   |   |   |    |    |    |    |    |    |    |    |    |    |   |
|   phv192  |  egress |                                                   |       |  |   |   |   |   |   |   |   |   |   |   |   |    |    |    |    |    |    |    |    |    |    |   |
|    [8:0]  |  egress |            eg_intr_md.egress_port[8:0]            | imeta |  | W | ~ | ~ | ~ | ~ | ~ | ~ | ~ | ~ | ~ | ~ | ~  | ~  | ~  | ~  | ~  | ~  | ~  | ~  | ~  | ~  | R |
|   phv193  |  egress |                                                   |       |  |   |   |   |   |   |   |   |   |   |   |   |    |    |    |    |    |    |    |    |    |    |   |
|    [0:0]  |  egress |     eg_intr_md_for_dprsr.mirror_io_select[0:0]    | imeta |  | W | ~ | ~ | ~ | ~ | ~ | ~ | ~ | ~ | ~ | ~ | ~  | ~  | ~  | ~  | ~  | ~  | ~  | ~  | ~  | ~  | R |
|   phv194  | ingress |                                                   |       |  |   |   |   |   |   |   |   |   |   |   |   |    |    |    |    |    |    |    |    |    |    |   |
|   [15:0]  | ingress |                ig_md.padding[15:0]                |  meta |  |   |   |   |   | R | R | R | R | R | R | R | R  | R  | R  | R  | R  | R  | R  | R  | R  |    |   |
|   phv195  |    -    |                                                   |       |  |   |   |   |   |   |   |   |   |   |   |   |    |    |    |    |    |    |    |    |    |    |   |
|           |         |                                                   |       |  |   |   |   |   |   |   |   |   |   |   |   |    |    |    |    |    |    |    |    |    |    |   |
|   phv196  |    -    |                                                   |       |  |   |   |   |   |   |   |   |   |   |   |   |    |    |    |    |    |    |    |    |    |    |   |
|   phv197  |    -    |                                                   |       |  |   |   |   |   |   |   |   |   |   |   |   |    |    |    |    |    |    |    |    |    |    |   |
|   phv198  |    -    |                                                   |       |  |   |   |   |   |   |   |   |   |   |   |   |    |    |    |    |    |    |    |    |    |    |   |
|   phv199  |    -    |                                                   |       |  |   |   |   |   |   |   |   |   |   |   |   |    |    |    |    |    |    |    |    |    |    |   |
|           |         |                                                   |       |  |   |   |   |   |   |   |   |   |   |   |   |    |    |    |    |    |    |    |    |    |    |   |
|   phv200  |    -    |                                                   |       |  |   |   |   |   |   |   |   |   |   |   |   |    |    |    |    |    |    |    |    |    |    |   |
|   phv201  |    -    |                                                   |       |  |   |   |   |   |   |   |   |   |   |   |   |    |    |    |    |    |    |    |    |    |    |   |
|   phv202  |    -    |                                                   |       |  |   |   |   |   |   |   |   |   |   |   |   |    |    |    |    |    |    |    |    |    |    |   |
|   phv203  |    -    |                                                   |       |  |   |   |   |   |   |   |   |   |   |   |   |    |    |    |    |    |    |    |    |    |    |   |
|   phv204  |    -    |                                                   |       |  |   |   |   |   |   |   |   |   |   |   |   |    |    |    |    |    |    |    |    |    |    |   |
|   phv205  |    -    |                                                   |       |  |   |   |   |   |   |   |   |   |   |   |   |    |    |    |    |    |    |    |    |    |    |   |
|   phv206  |    -    |                                                   |       |  |   |   |   |   |   |   |   |   |   |   |   |    |    |    |    |    |    |    |    |    |    |   |
|   phv207  |    -    |                                                   |       |  |   |   |   |   |   |   |   |   |   |   |   |    |    |    |    |    |    |    |    |    |    |   |
|   phv208  |    -    |                                                   |       |  |   |   |   |   |   |   |   |   |   |   |   |    |    |    |    |    |    |    |    |    |    |   |
|   phv209  |    -    |                                                   |       |  |   |   |   |   |   |   |   |   |   |   |   |    |    |    |    |    |    |    |    |    |    |   |
|   phv210  |    -    |                                                   |       |  |   |   |   |   |   |   |   |   |   |   |   |    |    |    |    |    |    |    |    |    |    |   |
|   phv211  |    -    |                                                   |       |  |   |   |   |   |   |   |   |   |   |   |   |    |    |    |    |    |    |    |    |    |    |   |
|           |         |                                                   |       |  |   |   |   |   |   |   |   |   |   |   |   |    |    |    |    |    |    |    |    |    |    |   |
|   phv212  |    -    |                                                   |       |  |   |   |   |   |   |   |   |   |   |   |   |    |    |    |    |    |    |    |    |    |    |   |
|   phv213  |    -    |                                                   |       |  |   |   |   |   |   |   |   |   |   |   |   |    |    |    |    |    |    |    |    |    |    |   |
|   phv214  |    -    |                                                   |       |  |   |   |   |   |   |   |   |   |   |   |   |    |    |    |    |    |    |    |    |    |    |   |
|   phv215  |    -    |                                                   |       |  |   |   |   |   |   |   |   |   |   |   |   |    |    |    |    |    |    |    |    |    |    |   |
|           |         |                                                   |       |  |   |   |   |   |   |   |   |   |   |   |   |    |    |    |    |    |    |    |    |    |    |   |
|   phv216  |    -    |                                                   |       |  |   |   |   |   |   |   |   |   |   |   |   |    |    |    |    |    |    |    |    |    |    |   |
|   phv217  |    -    |                                                   |       |  |   |   |   |   |   |   |   |   |   |   |   |    |    |    |    |    |    |    |    |    |    |   |
|   phv218  |    -    |                                                   |       |  |   |   |   |   |   |   |   |   |   |   |   |    |    |    |    |    |    |    |    |    |    |   |
|   phv219  |    -    |                                                   |       |  |   |   |   |   |   |   |   |   |   |   |   |    |    |    |    |    |    |    |    |    |    |   |
|           |         |                                                   |       |  |   |   |   |   |   |   |   |   |   |   |   |    |    |    |    |    |    |    |    |    |    |   |
|   phv220  |    -    |                                                   |       |  |   |   |   |   |   |   |   |   |   |   |   |    |    |    |    |    |    |    |    |    |    |   |
|   phv221  |    -    |                                                   |       |  |   |   |   |   |   |   |   |   |   |   |   |    |    |    |    |    |    |    |    |    |    |   |
|   phv222  |    -    |                                                   |       |  |   |   |   |   |   |   |   |   |   |   |   |    |    |    |    |    |    |    |    |    |    |   |
|   phv223  |    -    |                                                   |       |  |   |   |   |   |   |   |   |   |   |   |   |    |    |    |    |    |    |    |    |    |    |   |
|   phv224  |    -    |                                                   |       |  |   |   |   |   |   |   |   |   |   |   |   |    |    |    |    |    |    |    |    |    |    |   |
|   phv225  |    -    |                                                   |       |  |   |   |   |   |   |   |   |   |   |   |   |    |    |    |    |    |    |    |    |    |    |   |
|   phv226  |    -    |                                                   |       |  |   |   |   |   |   |   |   |   |   |   |   |    |    |    |    |    |    |    |    |    |    |   |
|   phv227  |    -    |                                                   |       |  |   |   |   |   |   |   |   |   |   |   |   |    |    |    |    |    |    |    |    |    |    |   |
|   phv228  |    -    |                                                   |       |  |   |   |   |   |   |   |   |   |   |   |   |    |    |    |    |    |    |    |    |    |    |   |
|   phv229  |    -    |                                                   |       |  |   |   |   |   |   |   |   |   |   |   |   |    |    |    |    |    |    |    |    |    |    |   |
|   phv230  |    -    |                                                   |       |  |   |   |   |   |   |   |   |   |   |   |   |    |    |    |    |    |    |    |    |    |    |   |
|   phv231  |    -    |                                                   |       |  |   |   |   |   |   |   |   |   |   |   |   |    |    |    |    |    |    |    |    |    |    |   |
|           |         |                                                   |       |  |   |   |   |   |   |   |   |   |   |   |   |    |    |    |    |    |    |    |    |    |    |   |
|   phv232  |    -    |                                                   |       |  |   |   |   |   |   |   |   |   |   |   |   |    |    |    |    |    |    |    |    |    |    |   |
|   phv233  |    -    |                                                   |       |  |   |   |   |   |   |   |   |   |   |   |   |    |    |    |    |    |    |    |    |    |    |   |
|   phv234  |    -    |                                                   |       |  |   |   |   |   |   |   |   |   |   |   |   |    |    |    |    |    |    |    |    |    |    |   |
|   phv235  |    -    |                                                   |       |  |   |   |   |   |   |   |   |   |   |   |   |    |    |    |    |    |    |    |    |    |    |   |
|           |         |                                                   |       |  |   |   |   |   |   |   |   |   |   |   |   |    |    |    |    |    |    |    |    |    |    |   |
|   phv236  |    -    |                                                   |       |  |   |   |   |   |   |   |   |   |   |   |   |    |    |    |    |    |    |    |    |    |    |   |
|   phv237  |    -    |                                                   |       |  |   |   |   |   |   |   |   |   |   |   |   |    |    |    |    |    |    |    |    |    |    |   |
|   phv238  |    -    |                                                   |       |  |   |   |   |   |   |   |   |   |   |   |   |    |    |    |    |    |    |    |    |    |    |   |
|   phv239  |    -    |                                                   |       |  |   |   |   |   |   |   |   |   |   |   |   |    |    |    |    |    |    |    |    |    |    |   |
|           |         |                                                   |       |  |   |   |   |   |   |   |   |   |   |   |   |    |    |    |    |    |    |    |    |    |    |   |
|   phv240  |    -    |                                                   |       |  |   |   |   |   |   |   |   |   |   |   |   |    |    |    |    |    |    |    |    |    |    |   |
|   phv241  |    -    |                                                   |       |  |   |   |   |   |   |   |   |   |   |   |   |    |    |    |    |    |    |    |    |    |    |   |
|   phv242  |    -    |                                                   |       |  |   |   |   |   |   |   |   |   |   |   |   |    |    |    |    |    |    |    |    |    |    |   |
|   phv243  |    -    |                                                   |       |  |   |   |   |   |   |   |   |   |   |   |   |    |    |    |    |    |    |    |    |    |    |   |
|   phv244  |    -    |                                                   |       |  |   |   |   |   |   |   |   |   |   |   |   |    |    |    |    |    |    |    |    |    |    |   |
|   phv245  |    -    |                                                   |       |  |   |   |   |   |   |   |   |   |   |   |   |    |    |    |    |    |    |    |    |    |    |   |
|   phv246  |    -    |                                                   |       |  |   |   |   |   |   |   |   |   |   |   |   |    |    |    |    |    |    |    |    |    |    |   |
|   phv247  |    -    |                                                   |       |  |   |   |   |   |   |   |   |   |   |   |   |    |    |    |    |    |    |    |    |    |    |   |
|   phv248  |    -    |                                                   |       |  |   |   |   |   |   |   |   |   |   |   |   |    |    |    |    |    |    |    |    |    |    |   |
|   phv249  |    -    |                                                   |       |  |   |   |   |   |   |   |   |   |   |   |   |    |    |    |    |    |    |    |    |    |    |   |
|   phv250  |    -    |                                                   |       |  |   |   |   |   |   |   |   |   |   |   |   |    |    |    |    |    |    |    |    |    |    |   |
|   phv251  |    -    |                                                   |       |  |   |   |   |   |   |   |   |   |   |   |   |    |    |    |    |    |    |    |    |    |    |   |
|           |         |                                                   |       |  |   |   |   |   |   |   |   |   |   |   |   |    |    |    |    |    |    |    |    |    |    |   |
|   phv252  |    -    |                                                   |       |  |   |   |   |   |   |   |   |   |   |   |   |    |    |    |    |    |    |    |    |    |    |   |
|   phv253  |    -    |                                                   |       |  |   |   |   |   |   |   |   |   |   |   |   |    |    |    |    |    |    |    |    |    |    |   |
|   phv254  |    -    |                                                   |       |  |   |   |   |   |   |   |   |   |   |   |   |    |    |    |    |    |    |    |    |    |    |   |
|   phv255  |    -    |                                                   |       |  |   |   |   |   |   |   |   |   |   |   |   |    |    |    |    |    |    |    |    |    |    |   |
|           |         |                                                   |       |  |   |   |   |   |   |   |   |   |   |   |   |    |    |    |    |    |    |    |    |    |    |   |
|   phv256  |    -    |                                                   |       |  |   |   |   |   |   |   |   |   |   |   |   |    |    |    |    |    |    |    |    |    |    |   |
|   phv257  |    -    |                                                   |       |  |   |   |   |   |   |   |   |   |   |   |   |    |    |    |    |    |    |    |    |    |    |   |
|   phv258  |    -    |                                                   |       |  |   |   |   |   |   |   |   |   |   |   |   |    |    |    |    |    |    |    |    |    |    |   |
|   phv259  |    -    |                                                   |       |  |   |   |   |   |   |   |   |   |   |   |   |    |    |    |    |    |    |    |    |    |    |   |
|           |         |                                                   |       |  |   |   |   |   |   |   |   |   |   |   |   |    |    |    |    |    |    |    |    |    |    |   |
|   phv260  |    -    |                                                   |       |  |   |   |   |   |   |   |   |   |   |   |   |    |    |    |    |    |    |    |    |    |    |   |
|   phv261  |    -    |                                                   |       |  |   |   |   |   |   |   |   |   |   |   |   |    |    |    |    |    |    |    |    |    |    |   |
|   phv262  |    -    |                                                   |       |  |   |   |   |   |   |   |   |   |   |   |   |    |    |    |    |    |    |    |    |    |    |   |
|   phv263  |    -    |                                                   |       |  |   |   |   |   |   |   |   |   |   |   |   |    |    |    |    |    |    |    |    |    |    |   |
|   phv264  |    -    |                                                   |       |  |   |   |   |   |   |   |   |   |   |   |   |    |    |    |    |    |    |    |    |    |    |   |
|   phv265  |    -    |                                                   |       |  |   |   |   |   |   |   |   |   |   |   |   |    |    |    |    |    |    |    |    |    |    |   |
|   phv266  |    -    |                                                   |       |  |   |   |   |   |   |   |   |   |   |   |   |    |    |    |    |    |    |    |    |    |    |   |
|   phv267  |    -    |                                                   |       |  |   |   |   |   |   |   |   |   |   |   |   |    |    |    |    |    |    |    |    |    |    |   |
|   phv268  |    -    |                                                   |       |  |   |   |   |   |   |   |   |   |   |   |   |    |    |    |    |    |    |    |    |    |    |   |
|   phv269  |    -    |                                                   |       |  |   |   |   |   |   |   |   |   |   |   |   |    |    |    |    |    |    |    |    |    |    |   |
|   phv270  |    -    |                                                   |       |  |   |   |   |   |   |   |   |   |   |   |   |    |    |    |    |    |    |    |    |    |    |   |
|   phv271  |    -    |                                                   |       |  |   |   |   |   |   |   |   |   |   |   |   |    |    |    |    |    |    |    |    |    |    |   |
|           |         |                                                   |       |  |   |   |   |   |   |   |   |   |   |   |   |    |    |    |    |    |    |    |    |    |    |   |
|   phv272  |    -    |                                                   |       |  |   |   |   |   |   |   |   |   |   |   |   |    |    |    |    |    |    |    |    |    |    |   |
|   phv273  |    -    |                                                   |       |  |   |   |   |   |   |   |   |   |   |   |   |    |    |    |    |    |    |    |    |    |    |   |
|   phv274  |    -    |                                                   |       |  |   |   |   |   |   |   |   |   |   |   |   |    |    |    |    |    |    |    |    |    |    |   |
|   phv275  |    -    |                                                   |       |  |   |   |   |   |   |   |   |   |   |   |   |    |    |    |    |    |    |    |    |    |    |   |
|           |         |                                                   |       |  |   |   |   |   |   |   |   |   |   |   |   |    |    |    |    |    |    |    |    |    |    |   |
|   phv276  |    -    |                                                   |       |  |   |   |   |   |   |   |   |   |   |   |   |    |    |    |    |    |    |    |    |    |    |   |
|   phv277  |    -    |                                                   |       |  |   |   |   |   |   |   |   |   |   |   |   |    |    |    |    |    |    |    |    |    |    |   |
|   phv278  |    -    |                                                   |       |  |   |   |   |   |   |   |   |   |   |   |   |    |    |    |    |    |    |    |    |    |    |   |
|   phv279  |    -    |                                                   |       |  |   |   |   |   |   |   |   |   |   |   |   |    |    |    |    |    |    |    |    |    |    |   |
-----------------------------------------------------------------------------------------------------------------------------------------------------------------------------------------


Containers used: 75
Containers with data overlayed: 29  (38.67%)
Containers shared: 46  (61.33%)

------------------------
  Legend:
------------------------
   P:     Parsed
   D:     Deparsed
   OL:    Overlay
   SH:    Shared
   pkt:   Packet data
   meta:  Metadata
   imeta: Intrinsic Metadata
   pov:   Packet Occupancy Vector bit
   R:     Read
   W:     Write
   ~:     Field is live


---------------------------------------------------------------------------------------------------------------------------------------
| Direction | Location | Fields Live | Bits Live | Header Fields Live | Header Bits Live | Metadata Fields Live | Metadata Bits Live |
---------------------------------------------------------------------------------------------------------------------------------------
|  ingress  |  Parser  | 50 (32.68%) |    324    |    34 (100.00%)    |       272        |     16 (13.45%)      |         52         |
|  ingress  | Stage 0  | 43 (28.10%) |    288    |    34 (100.00%)    |       272        |      9 (7.56%)       |         16         |
|  ingress  | Stage 1  | 45 (29.41%) |    304    |    34 (100.00%)    |       272        |      11 (9.24%)      |         32         |
|  ingress  | Stage 2  | 50 (32.68%) |    335    |    34 (100.00%)    |       272        |     16 (13.45%)      |         63         |
|  ingress  | Stage 3  | 58 (37.91%) |    471    |    34 (100.00%)    |       272        |     24 (20.17%)      |        199         |
|  ingress  | Stage 4  | 62 (40.52%) |    503    |    34 (100.00%)    |       272        |     28 (23.53%)      |        231         |
|  ingress  | Stage 5  | 63 (41.18%) |    511    |    34 (100.00%)    |       272        |     29 (24.37%)      |        239         |
|  ingress  | Stage 6  | 54 (35.29%) |    439    |    34 (100.00%)    |       272        |     20 (16.81%)      |        167         |
|  ingress  | Stage 7  | 57 (37.25%) |    463    |    34 (100.00%)    |       272        |     23 (19.33%)      |        191         |
|  ingress  | Stage 8  | 62 (40.52%) |    503    |    34 (100.00%)    |       272        |     28 (23.53%)      |        231         |
|  ingress  | Stage 9  | 66 (43.14%) |    535    |    34 (100.00%)    |       272        |     32 (26.89%)      |        263         |
|  ingress  | Stage 10 | 54 (35.29%) |    439    |    34 (100.00%)    |       272        |     20 (16.81%)      |        167         |
|  ingress  | Stage 11 | 56 (36.60%) |    455    |    34 (100.00%)    |       272        |     22 (18.49%)      |        183         |
|  ingress  | Stage 12 | 62 (40.52%) |    503    |    34 (100.00%)    |       272        |     28 (23.53%)      |        231         |
|  ingress  | Stage 13 | 64 (41.83%) |    519    |    34 (100.00%)    |       272        |     30 (25.21%)      |        247         |
|  ingress  | Stage 14 | 56 (36.60%) |    455    |    34 (100.00%)    |       272        |     22 (18.49%)      |        183         |
|  ingress  | Stage 15 | 55 (35.95%) |    447    |    34 (100.00%)    |       272        |     21 (17.65%)      |        175         |
|  ingress  | Stage 16 | 62 (40.52%) |    503    |    34 (100.00%)    |       272        |     28 (23.53%)      |        231         |
|  ingress  | Stage 17 | 64 (41.83%) |    519    |    34 (100.00%)    |       272        |     30 (25.21%)      |        247         |
|  ingress  | Stage 18 | 52 (33.99%) |    351    |    34 (100.00%)    |       272        |     18 (15.13%)      |         79         |
|  ingress  | Stage 19 | 42 (27.45%) |    280    |    34 (100.00%)    |       272        |      8 (6.72%)       |         8          |
|  ingress  | Deparser | 42 (27.45%) |    280    |    34 (100.00%)    |       272        |      8 (6.72%)       |         8          |
|           |          |             |           |                    |                  |                      |                    |
|   egress  |  Parser  | 4 (100.00%) |     12    |     0 (0.00%)      |        0         |     4 (100.00%)      |         12         |
|   egress  | Stage 0  | 4 (100.00%) |     12    |     0 (0.00%)      |        0         |     4 (100.00%)      |         12         |
|   egress  | Stage 1  | 4 (100.00%) |     12    |     0 (0.00%)      |        0         |     4 (100.00%)      |         12         |
|   egress  | Stage 2  | 4 (100.00%) |     12    |     0 (0.00%)      |        0         |     4 (100.00%)      |         12         |
|   egress  | Stage 3  | 4 (100.00%) |     12    |     0 (0.00%)      |        0         |     4 (100.00%)      |         12         |
|   egress  | Stage 4  | 4 (100.00%) |     12    |     0 (0.00%)      |        0         |     4 (100.00%)      |         12         |
|   egress  | Stage 5  | 4 (100.00%) |     12    |     0 (0.00%)      |        0         |     4 (100.00%)      |         12         |
|   egress  | Stage 6  | 4 (100.00%) |     12    |     0 (0.00%)      |        0         |     4 (100.00%)      |         12         |
|   egress  | Stage 7  | 4 (100.00%) |     12    |     0 (0.00%)      |        0         |     4 (100.00%)      |         12         |
|   egress  | Stage 8  | 4 (100.00%) |     12    |     0 (0.00%)      |        0         |     4 (100.00%)      |         12         |
|   egress  | Stage 9  | 4 (100.00%) |     12    |     0 (0.00%)      |        0         |     4 (100.00%)      |         12         |
|   egress  | Stage 10 | 4 (100.00%) |     12    |     0 (0.00%)      |        0         |     4 (100.00%)      |         12         |
|   egress  | Stage 11 | 4 (100.00%) |     12    |     0 (0.00%)      |        0         |     4 (100.00%)      |         12         |
|   egress  | Stage 12 | 4 (100.00%) |     12    |     0 (0.00%)      |        0         |     4 (100.00%)      |         12         |
|   egress  | Stage 13 | 4 (100.00%) |     12    |     0 (0.00%)      |        0         |     4 (100.00%)      |         12         |
|   egress  | Stage 14 | 4 (100.00%) |     12    |     0 (0.00%)      |        0         |     4 (100.00%)      |         12         |
|   egress  | Stage 15 | 4 (100.00%) |     12    |     0 (0.00%)      |        0         |     4 (100.00%)      |         12         |
|   egress  | Stage 16 | 4 (100.00%) |     12    |     0 (0.00%)      |        0         |     4 (100.00%)      |         12         |
|   egress  | Stage 17 | 4 (100.00%) |     12    |     0 (0.00%)      |        0         |     4 (100.00%)      |         12         |
|   egress  | Stage 18 | 4 (100.00%) |     12    |     0 (0.00%)      |        0         |     4 (100.00%)      |         12         |
|   egress  | Stage 19 | 4 (100.00%) |     12    |     0 (0.00%)      |        0         |     4 (100.00%)      |         12         |
|   egress  | Deparser | 4 (100.00%) |     12    |     0 (0.00%)      |        0         |     4 (100.00%)      |         12         |
---------------------------------------------------------------------------------------------------------------------------------------




----------------------------------------------------------------------------------------------------------------------------------------------------------------------------------------------------------------------------------------------------------------------------------------------------------------------------------------------
| Direction | Container |    Parser   |   Stage 0   |   Stage 1   |   Stage 2   |   Stage 3   |   Stage 4   |   Stage 5   |   Stage 6   |   Stage 7   |   Stage 8   |   Stage 9   |   Stage 10  |   Stage 11  |   Stage 12  |   Stage 13  |   Stage 14  |   Stage 15  |   Stage 16  |   Stage 17  |   Stage 18  |   Stage 19  |   Deparser  |
----------------------------------------------------------------------------------------------------------------------------------------------------------------------------------------------------------------------------------------------------------------------------------------------------------------------------------------------
|  ingress  |   phv12   | 4 (32 bits) | 4 (32 bits) | 4 (32 bits) | 4 (32 bits) | 4 (32 bits) | 4 (32 bits) | 4 (32 bits) | 4 (32 bits) | 4 (32 bits) | 4 (32 bits) | 4 (32 bits) | 4 (32 bits) | 4 (32 bits) | 4 (32 bits) | 4 (32 bits) | 4 (32 bits) | 4 (32 bits) | 4 (32 bits) | 4 (32 bits) | 4 (32 bits) | 4 (32 bits) | 4 (32 bits) |
|  ingress  |   phv13   | 4 (32 bits) | 4 (32 bits) | 4 (32 bits) | 4 (32 bits) | 4 (32 bits) | 4 (32 bits) | 4 (32 bits) | 4 (32 bits) | 4 (32 bits) | 4 (32 bits) | 4 (32 bits) | 4 (32 bits) | 4 (32 bits) | 4 (32 bits) | 4 (32 bits) | 4 (32 bits) | 4 (32 bits) | 4 (32 bits) | 4 (32 bits) | 4 (32 bits) | 4 (32 bits) | 4 (32 bits) |
|  ingress  |   phv14   | 4 (32 bits) | 4 (32 bits) | 4 (32 bits) | 4 (32 bits) | 4 (32 bits) | 4 (32 bits) | 4 (32 bits) | 4 (32 bits) | 4 (32 bits) | 4 (32 bits) | 4 (32 bits) | 4 (32 bits) | 4 (32 bits) | 4 (32 bits) | 4 (32 bits) | 4 (32 bits) | 4 (32 bits) | 4 (32 bits) | 4 (32 bits) | 4 (32 bits) | 4 (32 bits) | 4 (32 bits) |
|  ingress  |   phv15   | 4 (32 bits) | 4 (32 bits) | 4 (32 bits) | 4 (32 bits) | 4 (32 bits) | 4 (32 bits) | 4 (32 bits) | 4 (32 bits) | 4 (32 bits) | 4 (32 bits) | 4 (32 bits) | 4 (32 bits) | 4 (32 bits) | 4 (32 bits) | 4 (32 bits) | 4 (32 bits) | 4 (32 bits) | 4 (32 bits) | 4 (32 bits) | 4 (32 bits) | 4 (32 bits) | 4 (32 bits) |
|           |           |             |             |             |             |             |             |             |             |             |             |             |             |             |             |             |             |             |             |             |             |             |             |
|  ingress  |   phv32   | 4 (32 bits) | 4 (32 bits) | 4 (32 bits) | 4 (32 bits) | 4 (32 bits) | 4 (32 bits) | 4 (32 bits) | 4 (32 bits) | 4 (32 bits) | 4 (32 bits) | 4 (32 bits) | 4 (32 bits) | 4 (32 bits) | 4 (32 bits) | 4 (32 bits) | 4 (32 bits) | 4 (32 bits) | 4 (32 bits) | 4 (32 bits) | 4 (32 bits) | 4 (32 bits) | 4 (32 bits) |
|  ingress  |   phv33   | 4 (32 bits) | 4 (32 bits) | 4 (32 bits) | 4 (32 bits) | 4 (32 bits) | 4 (32 bits) | 4 (32 bits) | 4 (32 bits) | 4 (32 bits) | 4 (32 bits) | 4 (32 bits) | 4 (32 bits) | 4 (32 bits) | 4 (32 bits) | 4 (32 bits) | 4 (32 bits) | 4 (32 bits) | 4 (32 bits) | 4 (32 bits) | 4 (32 bits) | 4 (32 bits) | 4 (32 bits) |
|  ingress  |   phv34   | 4 (32 bits) | 4 (32 bits) | 4 (32 bits) | 4 (32 bits) | 4 (32 bits) | 4 (32 bits) | 4 (32 bits) | 4 (32 bits) | 4 (32 bits) | 4 (32 bits) | 4 (32 bits) | 4 (32 bits) | 4 (32 bits) | 4 (32 bits) | 4 (32 bits) | 4 (32 bits) | 4 (32 bits) | 4 (32 bits) | 4 (32 bits) | 4 (32 bits) | 4 (32 bits) | 4 (32 bits) |
|  ingress  |   phv35   | 4 (32 bits) | 4 (32 bits) | 4 (32 bits) | 4 (32 bits) | 4 (32 bits) | 4 (32 bits) | 4 (32 bits) | 4 (32 bits) | 4 (32 bits) | 4 (32 bits) | 4 (32 bits) | 4 (32 bits) | 4 (32 bits) | 4 (32 bits) | 4 (32 bits) | 4 (32 bits) | 4 (32 bits) | 4 (32 bits) | 4 (32 bits) | 4 (32 bits) | 4 (32 bits) | 4 (32 bits) |
|           |           |             |             |             |             |             |             |             |             |             |             |             |             |             |             |             |             |             |             |             |             |             |             |
|  ingress  |   phv52   |      -      |      -      |      -      |      -      | 1 (32 bits) | 1 (32 bits) | 1 (32 bits) | 1 (32 bits) | 1 (32 bits) | 1 (32 bits) | 1 (32 bits) | 1 (32 bits) | 1 (32 bits) | 1 (32 bits) | 1 (32 bits) | 1 (32 bits) | 1 (32 bits) | 1 (32 bits) | 1 (32 bits) |      -      |      -      |      -      |
|  ingress  |   phv53   |      -      |      -      |      -      |      -      | 1 (32 bits) | 1 (32 bits) | 1 (32 bits) | 1 (32 bits) | 1 (32 bits) | 1 (32 bits) | 1 (32 bits) | 1 (32 bits) | 1 (32 bits) | 1 (32 bits) | 1 (32 bits) | 1 (32 bits) | 1 (32 bits) | 1 (32 bits) | 1 (32 bits) |      -      |      -      |      -      |
|           |           |             |             |             |             |             |             |             |             |             |             |             |             |             |             |             |             |             |             |             |             |             |             |
|  ingress  |   phv80   |  8 (8 bits) |  8 (8 bits) |  8 (8 bits) |  8 (8 bits) |  8 (8 bits) |  8 (8 bits) |  8 (8 bits) |  8 (8 bits) |  8 (8 bits) |  8 (8 bits) |  8 (8 bits) |  8 (8 bits) |  8 (8 bits) |  8 (8 bits) |  8 (8 bits) |  8 (8 bits) |  8 (8 bits) |  8 (8 bits) |  8 (8 bits) |  8 (8 bits) |  8 (8 bits) |  8 (8 bits) |
|  ingress  |   phv81   |      -      |      -      |  1 (8 bits) |      -      |      -      |      -      |      -      |      -      |      -      |  1 (8 bits) |  1 (8 bits) |  1 (8 bits) |      -      |      -      |      -      |      -      |      -      |      -      |  1 (8 bits) |      -      |      -      |      -      |
|  ingress  |   phv82   |      -      |  1 (8 bits) |      -      |      -      |      -      |      -      |      -      |      -      |      -      |  1 (8 bits) |  1 (8 bits) |  1 (8 bits) |      -      |      -      |      -      |      -      |      -      |  1 (8 bits) |  1 (8 bits) |  1 (8 bits) |      -      |      -      |
|  ingress  |   phv83   |      -      |      -      |      -      |      -      |      -      |      -      |      -      |      -      |      -      |      -      |      -      |      -      |      -      |      -      |      -      |      -      |  1 (8 bits) |  1 (8 bits) |  1 (8 bits) |      -      |      -      |      -      |
|   egress  |   phv84   |  2 (2 bits) |  2 (2 bits) |  2 (2 bits) |  2 (2 bits) |  2 (2 bits) |  2 (2 bits) |  2 (2 bits) |  2 (2 bits) |  2 (2 bits) |  2 (2 bits) |  2 (2 bits) |  2 (2 bits) |  2 (2 bits) |  2 (2 bits) |  2 (2 bits) |  2 (2 bits) |  2 (2 bits) |  2 (2 bits) |  2 (2 bits) |  2 (2 bits) |  2 (2 bits) |  2 (2 bits) |
|  ingress  |   phv85   |      -      |      -      |      -      |      -      |  1 (8 bits) |  1 (8 bits) |  1 (8 bits) |      -      |      -      |      -      |  1 (8 bits) |      -      |      -      |      -      |  1 (8 bits) |      -      |      -      |  1 (8 bits) |      -      |      -      |      -      |      -      |
|  ingress  |   phv86   |      -      |      -      |      -      |      -      |      -      |  1 (8 bits) |      -      |      -      |      -      |      -      |  1 (8 bits) |      -      |      -      |  1 (8 bits) |      -      |      -      |      -      |      -      |      -      |      -      |      -      |      -      |
|  ingress  |   phv87   |      -      |      -      |      -      |      -      |      -      |      -      |      -      |      -      |      -      |      -      |      -      |      -      |      -      |  1 (8 bits) |  1 (8 bits) |  1 (8 bits) |      -      |      -      |      -      |      -      |      -      |      -      |
|  ingress  |   phv88   |      -      |      -      |      -      |      -      |      -      |      -      |      -      |      -      |      -      |      -      |      -      |  1 (8 bits) |  1 (8 bits) |  1 (8 bits) |      -      |      -      |      -      |      -      |      -      |      -      |      -      |      -      |
|  ingress  |   phv89   |      -      |      -      |      -      |      -      |      -      |      -      |      -      |      -      |      -      |      -      |      -      |      -      |      -      |      -      |      -      |  1 (8 bits) |  1 (8 bits) |  1 (8 bits) |      -      |      -      |      -      |      -      |
|  ingress  |   phv90   |      -      |      -      |      -      |      -      |      -      |  1 (8 bits) |  1 (8 bits) |  1 (8 bits) |      -      |      -      |      -      |      -      |  1 (8 bits) |  1 (8 bits) |  1 (8 bits) |      -      |      -      |      -      |      -      |      -      |      -      |      -      |
|  ingress  |   phv91   |      -      |      -      |      -      |      -      |      -      |      -      |  1 (8 bits) |      -      |      -      |      -      |      -      |      -      |      -      |      -      |      -      |      -      |      -      |  1 (8 bits) |  1 (8 bits) |  1 (8 bits) |      -      |      -      |
|           |           |             |             |             |             |             |             |             |             |             |             |             |             |             |             |             |             |             |             |             |             |             |             |
|  ingress  |   phv100  |      -      |      -      |      -      |      -      |  1 (8 bits) |  1 (8 bits) |  1 (8 bits) |      -      |      -      |      -      |  1 (8 bits) |      -      |      -      |      -      |      -      |  1 (8 bits) |      -      |      -      |      -      |      -      |      -      |      -      |
|  ingress  |   phv101  |      -      |      -      |      -      |      -      |      -      |      -      |  1 (8 bits) |      -      |      -      |      -      |  1 (8 bits) |      -      |      -      |      -      |      -      |  1 (8 bits) |      -      |      -      |      -      |      -      |      -      |      -      |
|  ingress  |   phv102  |      -      |      -      |      -      |      -      |  1 (8 bits) |  1 (8 bits) |  1 (8 bits) |      -      |      -      |      -      |  1 (8 bits) |      -      |      -      |      -      |      -      |      -      |      -      |      -      |      -      |      -      |      -      |      -      |
|  ingress  |   phv103  |      -      |      -      |      -      |      -      |      -      |      -      |  1 (8 bits) |      -      |      -      |      -      |  1 (8 bits) |      -      |      -      |      -      |      -      |      -      |      -      |      -      |      -      |      -      |      -      |      -      |
|  ingress  |   phv104  |      -      |      -      |      -      |      -      |  1 (8 bits) |      -      |      -      |      -      |      -      |      -      |  1 (8 bits) |  1 (8 bits) |  1 (8 bits) |  1 (8 bits) |      -      |      -      |      -      |      -      |      -      |      -      |      -      |      -      |
|  ingress  |   phv105  |      -      |      -      |      -      |      -      |      -      |  1 (8 bits) |      -      |      -      |      -      |      -      |      -      |      -      |      -      |      -      |      -      |      -      |      -      |  1 (8 bits) |  1 (8 bits) |  1 (8 bits) |      -      |      -      |
|  ingress  |   phv106  |      -      |      -      |      -      |      -      |      -      |      -      |      -      |      -      |  1 (8 bits) |  1 (8 bits) |  1 (8 bits) |      -      |      -      |      -      |      -      |  1 (8 bits) |  1 (8 bits) |  1 (8 bits) |  1 (8 bits) |      -      |      -      |      -      |
|  ingress  |   phv107  |      -      |      -      |      -      |      -      |      -      |      -      |      -      |      -      |  1 (8 bits) |  1 (8 bits) |  1 (8 bits) |      -      |      -      |      -      |      -      |  1 (8 bits) |  1 (8 bits) |  1 (8 bits) |  1 (8 bits) |      -      |      -      |      -      |
|  ingress  |   phv108  |      -      |      -      |      -      |      -      |      -      |      -      |      -      |      -      |  1 (8 bits) |  1 (8 bits) |  1 (8 bits) |      -      |      -      |      -      |      -      |  1 (8 bits) |  1 (8 bits) |  1 (8 bits) |      -      |      -      |      -      |      -      |
|  ingress  |   phv109  |      -      |      -      |      -      |      -      |      -      |      -      |      -      |  1 (8 bits) |  1 (8 bits) |  1 (8 bits) |  1 (8 bits) |      -      |      -      |      -      |      -      |      -      |  1 (8 bits) |  1 (8 bits) |  1 (8 bits) |      -      |      -      |      -      |
|  ingress  |   phv110  |      -      |      -      |      -      |      -      |      -      |      -      |      -      |      -      |      -      |      -      |      -      |      -      |      -      |  1 (8 bits) |  1 (8 bits) |  1 (8 bits) |      -      |      -      |      -      |      -      |      -      |      -      |
|  ingress  |   phv111  |      -      |      -      |      -      |      -      |      -      |      -      |      -      |      -      |      -      |      -      |      -      |      -      |      -      |  1 (8 bits) |  1 (8 bits) |  1 (8 bits) |      -      |      -      |      -      |      -      |      -      |      -      |
|           |           |             |             |             |             |             |             |             |             |             |             |             |             |             |             |             |             |             |             |             |             |             |             |
|  ingress  |   phv120  |      -      |      -      |      -      |      -      |      -      |  1 (8 bits) |  1 (8 bits) |  1 (8 bits) |      -      |      -      |      -      |  1 (8 bits) |      -      |      -      |  1 (8 bits) |      -      |      -      |      -      |  1 (8 bits) |      -      |      -      |      -      |
|  ingress  |   phv121  |      -      |      -      |      -      |      -      |      -      |      -      |      -      |  1 (8 bits) |      -      |  1 (8 bits) |      -      |      -      |      -      |      -      |  1 (8 bits) |      -      |      -      |      -      |  1 (8 bits) |      -      |      -      |      -      |
|  ingress  |   phv122  |      -      |      -      |      -      |      -      |      -      |  1 (8 bits) |      -      |      -      |      -      |      -      |      -      |      -      |      -      |      -      |  1 (8 bits) |      -      |      -      |      -      |      -      |      -      |      -      |      -      |
|  ingress  |   phv123  |      -      |      -      |      -      |      -      |      -      |      -      |  1 (8 bits) |      -      |      -      |      -      |      -      |      -      |      -      |      -      |  1 (8 bits) |      -      |      -      |      -      |      -      |      -      |      -      |      -      |
|  ingress  |   phv124  |      -      |      -      |      -      |      -      |      -      |      -      |      -      |      -      |      -      |  1 (8 bits) |  1 (8 bits) |  1 (8 bits) |      -      |      -      |      -      |      -      |  1 (8 bits) |  1 (8 bits) |  1 (8 bits) |      -      |      -      |      -      |
|  ingress  |   phv125  |      -      |      -      |      -      |      -      |      -      |      -      |      -      |  1 (8 bits) |  1 (8 bits) |  1 (8 bits) |      -      |      -      |      -      |      -      |      -      |      -      |      -      |      -      |      -      |      -      |      -      |      -      |
|  ingress  |   phv126  |      -      |      -      |      -      |      -      |      -      |      -      |      -      |      -      |      -      |      -      |      -      |      -      |  1 (8 bits) |  1 (8 bits) |  1 (8 bits) |      -      |      -      |      -      |      -      |      -      |      -      |      -      |
|  ingress  |   phv127  |      -      |      -      |      -      |      -      |      -      |      -      |      -      |      -      |      -      |      -      |      -      |      -      |  1 (8 bits) |  1 (8 bits) |  1 (8 bits) |      -      |      -      |      -      |      -      |      -      |      -      |      -      |
|  ingress  |   phv128  |      -      |      -      |      -      |      -      |      -      |      -      |      -      |      -      |      -      |      -      |      -      |      -      |  1 (8 bits) |  1 (8 bits) |  1 (8 bits) |      -      |      -      |      -      |      -      |      -      |      -      |      -      |
|  ingress  |   phv129  |      -      |      -      |      -      |      -      |      -      |      -      |      -      |      -      |      -      |      -      |      -      |  1 (8 bits) |  1 (8 bits) |  1 (8 bits) |  1 (8 bits) |      -      |      -      |      -      |      -      |      -      |      -      |      -      |
|  ingress  |   phv130  |      -      |      -      |      -      |      -      |      -      |      -      |      -      |      -      |      -      |      -      |      -      |      -      |      -      |      -      |      -      |      -      |  1 (8 bits) |  1 (8 bits) |  1 (8 bits) |      -      |      -      |      -      |
|  ingress  |   phv131  |      -      |      -      |      -      |      -      |      -      |      -      |      -      |      -      |      -      |      -      |      -      |      -      |      -      |      -      |      -      |      -      |  1 (8 bits) |  1 (8 bits) |  1 (8 bits) |      -      |      -      |      -      |
|           |           |             |             |             |             |             |             |             |             |             |             |             |             |             |             |             |             |             |             |             |             |             |             |
|  ingress  |   phv140  |      -      |      -      |      -      |      -      |      -      |      -      |      -      |      -      |      -      |      -      |      -      |      -      |      -      |      -      |      -      |      -      |      -      |  1 (8 bits) |  1 (8 bits) |  1 (8 bits) |      -      |      -      |
|  ingress  |   phv141  |      -      |      -      |      -      |      -      |      -      |      -      |      -      |      -      |      -      |      -      |      -      |      -      |      -      |      -      |      -      |      -      |      -      |      -      |      -      |  1 (8 bits) |      -      |      -      |
|  ingress  |   phv142  |  4 (4 bits) |      -      |      -      |  1 (1 bits) |  1 (1 bits) |  1 (1 bits) |  1 (1 bits) |  1 (1 bits) |  1 (1 bits) |  1 (1 bits) |  1 (1 bits) |  1 (1 bits) |  1 (1 bits) |  1 (1 bits) |  1 (1 bits) |  1 (1 bits) |  1 (1 bits) |  1 (1 bits) |  1 (1 bits) |  1 (1 bits) |      -      |      -      |
|  ingress  |   phv143  |      -      |      -      |      -      |  1 (6 bits) |  1 (6 bits) |  1 (6 bits) |  1 (6 bits) |  1 (6 bits) |  1 (6 bits) |  1 (6 bits) |  1 (6 bits) |  1 (6 bits) |  1 (6 bits) |  1 (6 bits) |  1 (6 bits) |  1 (6 bits) |  1 (6 bits) |  1 (6 bits) |  1 (6 bits) |  1 (6 bits) |      -      |      -      |
|  ingress  |   phv144  |      -      |      -      |      -      |      -      |      -      |      -      |      -      |      -      |  1 (8 bits) |  1 (8 bits) |  1 (8 bits) |      -      |      -      |      -      |      -      |      -      |      -      |      -      |      -      |      -      |      -      |      -      |
|  ingress  |   phv145  |      -      |      -      |      -      |      -      |      -      |      -      |  1 (8 bits) |  1 (8 bits) |  1 (8 bits) |  1 (8 bits) |      -      |      -      |      -      |      -      |      -      |      -      |      -      |      -      |      -      |      -      |      -      |      -      |
|  ingress  |   phv146  |      -      |      -      |      -      |      -      |  1 (8 bits) |  1 (8 bits) |  1 (8 bits) |  1 (8 bits) |      -      |      -      |      -      |      -      |      -      |  1 (8 bits) |  1 (8 bits) |  1 (8 bits) |      -      |      -      |      -      |      -      |      -      |      -      |
|  ingress  |   phv147  |      -      |      -      |      -      |      -      |  1 (8 bits) |  1 (8 bits) |  1 (8 bits) |      -      |      -      |      -      |      -      |      -      |      -      |  1 (8 bits) |  1 (8 bits) |  1 (8 bits) |      -      |      -      |      -      |      -      |      -      |      -      |
|  ingress  |   phv148  |      -      |      -      |      -      |      -      |  1 (8 bits) |  1 (8 bits) |  1 (8 bits) |      -      |      -      |      -      |      -      |      -      |  1 (8 bits) |  1 (8 bits) |  1 (8 bits) |      -      |      -      |      -      |      -      |      -      |      -      |      -      |
|  ingress  |   phv149  |      -      |      -      |      -      |  1 (8 bits) |  1 (8 bits) |  1 (8 bits) |  1 (8 bits) |      -      |      -      |      -      |      -      |      -      |  1 (8 bits) |  1 (8 bits) |  1 (8 bits) |      -      |      -      |      -      |      -      |      -      |      -      |      -      |
|  ingress  |   phv150  |      -      |      -      |      -      |  1 (8 bits) |  1 (8 bits) |  1 (8 bits) |  1 (8 bits) |      -      |      -      |      -      |      -      |      -      |  1 (8 bits) |  1 (8 bits) |  1 (8 bits) |      -      |      -      |      -      |      -      |      -      |      -      |      -      |
|  ingress  |   phv151  |      -      |      -      |      -      |  1 (8 bits) |  1 (8 bits) |  1 (8 bits) |  1 (8 bits) |      -      |      -      |      -      |      -      |  1 (8 bits) |  1 (8 bits) |  1 (8 bits) |  1 (8 bits) |      -      |      -      |      -      |      -      |      -      |      -      |      -      |
|           |           |             |             |             |             |             |             |             |             |             |             |             |             |             |             |             |             |             |             |             |             |             |             |
|  ingress  |   phv160  |      -      |      -      |  1 (8 bits) |      -      |  1 (8 bits) |  1 (8 bits) |  1 (8 bits) |      -      |      -      |      -      |      -      |      -      |      -      |      -      |      -      |      -      |      -      |  1 (8 bits) |  1 (8 bits) |  1 (8 bits) |      -      |      -      |
|  ingress  |   phv161  |      -      |      -      |      -      |  1 (8 bits) |      -      |      -      |  1 (8 bits) |      -      |      -      |      -      |      -      |      -      |      -      |      -      |      -      |      -      |      -      |      -      |  1 (8 bits) |      -      |      -      |      -      |
|  ingress  |   phv162  |      -      |      -      |      -      |      -      |      -      |      -      |      -      |      -      |      -      |      -      |      -      |      -      |      -      |      -      |      -      |      -      |      -      |      -      |  1 (8 bits) |      -      |      -      |      -      |
|  ingress  |   phv163  |      -      |      -      |      -      |      -      |      -      |      -      |      -      |      -      |      -      |      -      |      -      |      -      |      -      |      -      |      -      |      -      |  1 (8 bits) | 2 (16 bits) | 2 (16 bits) |  1 (8 bits) |      -      |      -      |
|  ingress  |   phv164  |      -      |      -      |      -      |      -      |      -      |      -      |      -      |      -      |      -      |      -      |      -      |      -      |      -      |      -      |      -      |      -      |      -      |      -      |      -      |  1 (8 bits) |      -      |      -      |
|  ingress  |   phv165  |      -      |      -      |      -      |  1 (8 bits) |  1 (8 bits) |  1 (8 bits) |      -      |      -      |  1 (8 bits) |  1 (8 bits) |  1 (8 bits) |      -      |      -      |      -      |      -      |      -      |      -      |      -      |      -      |      -      |      -      |      -      |
|  ingress  |   phv166  |      -      |      -      |      -      |      -      |      -      |      -      |      -      |  1 (8 bits) | 2 (16 bits) | 2 (16 bits) | 2 (16 bits) |      -      |      -      |      -      |      -      |      -      |      -      |      -      |      -      |      -      |      -      |      -      |
|  ingress  |   phv167  |      -      |      -      |      -      |      -      |      -      |      -      |      -      |  1 (8 bits) | 2 (16 bits) | 2 (16 bits) | 2 (16 bits) |      -      |      -      |      -      |      -      |      -      |      -      |      -      |      -      |      -      |      -      |      -      |
|  ingress  |   phv168  |      -      |      -      |  1 (8 bits) |  1 (8 bits) |  1 (8 bits) |  1 (8 bits) |      -      |      -      |      -      |  1 (8 bits) |  1 (8 bits) |  1 (8 bits) |      -      |      -      |      -      |      -      |      -      |      -      |      -      |      -      |      -      |      -      |
|  ingress  |   phv169  | 1 (10 bits) |      -      |      -      |      -      |      -      |      -      |      -      |      -      |      -      |      -      |      -      |      -      |      -      |      -      |      -      |      -      |      -      |      -      |      -      |      -      |      -      |      -      |
|  ingress  |   phv170  | 1 (10 bits) |      -      |      -      |      -      |      -      |      -      |      -      |      -      |      -      |      -      |      -      |      -      |      -      |      -      |      -      |      -      |      -      |      -      |      -      |      -      |      -      |      -      |
|  ingress  |   phv171  | 1 (10 bits) |      -      |      -      |      -      |      -      |      -      |      -      |      -      |      -      |      -      |      -      |      -      |      -      |      -      |      -      |      -      |      -      |      -      |      -      |      -      |      -      |      -      |
|           |           |             |             |             |             |             |             |             |             |             |             |             |             |             |             |             |             |             |             |             |             |             |             |
|  ingress  |   phv172  | 2 (16 bits) | 2 (16 bits) | 2 (16 bits) | 2 (16 bits) | 2 (16 bits) | 2 (16 bits) | 2 (16 bits) | 2 (16 bits) | 2 (16 bits) | 2 (16 bits) | 2 (16 bits) | 2 (16 bits) | 2 (16 bits) | 2 (16 bits) | 2 (16 bits) | 2 (16 bits) | 2 (16 bits) | 2 (16 bits) | 2 (16 bits) | 2 (16 bits) | 2 (16 bits) | 2 (16 bits) |
|           |           |             |             |             |             |             |             |             |             |             |             |             |             |             |             |             |             |             |             |             |             |             |             |
|  ingress  |   phv180  | 1 (10 bits) |      -      |      -      |      -      |      -      |      -      |      -      |      -      |      -      |      -      |      -      |      -      |      -      |      -      |      -      |      -      |      -      |      -      |      -      |      -      |      -      |      -      |
|           |           |             |             |             |             |             |             |             |             |             |             |             |             |             |             |             |             |             |             |             |             |             |             |
|   egress  |   phv192  |  1 (9 bits) |  1 (9 bits) |  1 (9 bits) |  1 (9 bits) |  1 (9 bits) |  1 (9 bits) |  1 (9 bits) |  1 (9 bits) |  1 (9 bits) |  1 (9 bits) |  1 (9 bits) |  1 (9 bits) |  1 (9 bits) |  1 (9 bits) |  1 (9 bits) |  1 (9 bits) |  1 (9 bits) |  1 (9 bits) |  1 (9 bits) |  1 (9 bits) |  1 (9 bits) |  1 (9 bits) |
|   egress  |   phv193  |  1 (1 bits) |  1 (1 bits) |  1 (1 bits) |  1 (1 bits) |  1 (1 bits) |  1 (1 bits) |  1 (1 bits) |  1 (1 bits) |  1 (1 bits) |  1 (1 bits) |  1 (1 bits) |  1 (1 bits) |  1 (1 bits) |  1 (1 bits) |  1 (1 bits) |  1 (1 bits) |  1 (1 bits) |  1 (1 bits) |  1 (1 bits) |  1 (1 bits) |  1 (1 bits) |  1 (1 bits) |
|  ingress  |   phv194  |      -      |      -      |      -      |      -      | 1 (16 bits) | 1 (16 bits) | 1 (16 bits) | 1 (16 bits) | 1 (16 bits) | 1 (16 bits) | 1 (16 bits) | 1 (16 bits) | 1 (16 bits) | 1 (16 bits) | 1 (16 bits) | 1 (16 bits) | 1 (16 bits) | 1 (16 bits) | 1 (16 bits) |      -      |      -      |      -      |
----------------------------------------------------------------------------------------------------------------------------------------------------------------------------------------------------------------------------------------------------------------------------------------------------------------------------------------------

